Nama Produk;Harga;Kategori_Harga;Urutan
Kopi Arabika Aceh Gayo - Roasted Bean - 200 Gram - COARSE;46000;<50000;1
Kopi Bubuk Kapal Tanker Old - 780 Gr;48000;<50000;1
Kopi Toraja Robusta 200g Murah untuk kopi hitam atau kopi susu - BIJI SANGRAI;27200;<50000;1
Kopi Bubuk Murni Kopi Tubruk Robusta KUDA HITAM Asli Jawa Timur 1kg;34900;<50000;1
Kopi Robusta Flores Bajawa Coffee Bean Espresso Roast Beans Biji Bubuk;29900;<50000;1
Toraja Sapan Arabica Grade 1 Biji Kopi Roasted Beans;46000;<50000;1
Robusta Dampit Biji Kopi Roasted Beans;38000;<50000;1
BIJI KOPI ROBUSTA GAYO 250 gram;30000;<50000;1
Kopi bubuk asli arabika robusta - 200,  Campur;35000;<50000;1
Kopi Robusta Sidikalang - Roasted Bean - 200 Gram - WHOLE BEAN;28500;<50000;1
haldinfoods Biji Kopi Roasted Fine Robusta Coffee Bean - 250 gram;30000;<50000;1
Kopi Lanang Robusta Pagar Alam Peaberry Coffe Bean Espresso Biji 100gr - Biji Kopi;34900;<50000;1
Kopi Robusta Lampung/KOPi WAW/ Kopi Kesehatan/Kopi Nikmat Tanpa Gula;40000;<50000;1
Kopi Biji Sangrai / Roast Bean Robusta Lanang (250gr) - Halus Serbuk;31000;<50000;1
Kopi Robusta Sidikalang - Roasted Bean - 200 Gram;28500;<50000;1
Sumatera Lintong Arabica Grade 1 Biji Kopi Roasted Beans;46000;<50000;1
Biji Kopi Bubuk Arabika Gayo Aceh Sumatera Arabica Coffee Roast Bean;42999;<50000;1
Kopi Susu Blend Arabica 20% Robusta 80% Roasted Coffee Beans Biji;34000;<50000;1
Javarover Full Robusta Coffee - Temanggung Rawaseneng - Beans,  250 gram;45000;<50000;1
BIJI KOPI ROBUSTA GAYO 250 gram - Bubuk kasar;30000;<50000;1
Ka.Mu kopi Robusta Pagar Alam - Plastik bening,  90 gram;6000;<50000;1
WoCA Kopi Bali Robusta Lanang Peaberry 150 gram;17999;<50000;1
Biji Kopi Bubuk Robusta Flores Coffee Roast Beans Sakha Roastery 250Gr;39900;<50000;1
Kopi Robusta Toraja Mamasa Sulawesi Coffee Bean Espresso Roasted Beans;29900;<50000;1
Biji / Bubuk Es Kopi Susu Kekinian Klasik 200g, 75/25 Robusta,  MURAH - Whole Bean;43500;<50000;1
Kopi Arabika Gayo Wine Arabica Specialty Coffee Roast Beans 100 Gram;49900;<50000;1
Kopi Robusta Gayo Aceh Sumatra Coffee Beans Espresso Roast Biji Bubuk;29900;<50000;1
Kopi Robusta Bali Kintamani Coffee Espresso Roasted Beans Biji Bubuk;29900;<50000;1
kopi robusta temanggung 1kg / roast bean robusta 1kg;35000;<50000;1
Aceh Gayo Arabica Grade 1 Biji Kopi Roasted Beans;46000;<50000;1
Kopi Bubuk Robusta Pagaralam Premium (250gr);26000;<50000;1
Kopi Liberika Senduro Madrigal Coffee 250gr Pack Liberica Excelsa;47000;<50000;1
Roast Bean Kopi Liberika Artisan;25000;<50000;1
LIYBERUSKA DARK (liberika, robusta, arabica) KOPI BUBUK;15000;<50000;1
Kopi Liberco Liberika Sambas 200gr Kopi Bubuk Liber.co Coffee;39000;<50000;1
Drip Bag Coffee (Kopi Indonesia) - 5 Drip Bag;47500;<50000;1
Biji Kopi Liberika Nangka Wine Proses 1kg;50000;<50000;1
kopi Liberika Sumedang 250gr / Kopi Nangka;45000;<50000;1
Kopi Bubuk Arabika Aceh Gayo Takengon Kopi Hitam Arabica Coffee - 100gr,  Bubuk Halus;20000;<50000;1
250gr Kopi Bali Pupuan Tabanan Robusta. Kopi Biji / Bubuk Mutiara Bali;23900;<50000;1
Kopi Tubruk Bubuk Arabika Espresso Blend Coffee Sakha Roastery 100gr - Kopi Tubruk;19900;<50000;1
Kopi Liberika Natural Biji Kopi Matang atau Bubuk 200gram;40000;<50000;1
kopi liberika wongkae;15000;<50000;1
Kopi Bubuk Kapal Tanker New - 780 Gr - Bubuk Halus;33600;<50000;1
ARUTALA Kopi Italian Blend for Espresso Coffee 200 gram;49999;<50000;1
Kopi Arabika Yirgacheffe Ethiopia 100 Gr - Bean/Biji & Ground/Bubuk;46500;<50000;1
Kopi Nangka 200Gr atau Kopi Liberika Excelsa Produk Kopi Juara;30000;<50000;1
Kopi Liberika Bubuk Hitam Liberica Excelsa Cap AAA Nefo Jambi 100gram;16500;<50000;1
Kopi Bubuk Blend Robusta & Liberika 250gr | Kopi 100% Murni 250 gr;25000;<50000;1
Roasted Bean Premium Robusta Natural Tuang Coffee 250gr - Biji Kopi.;48827;<50000;1
ARUTALA Kopi Flores Robusta Coffee 250 gram;36999;<50000;1
Kopi Aroma Robusta Bandung 250 Gram;34400;<50000;1
Bali Kintamani Arabica Grade 1 Biji Kopi Roasted Beans;48000;<50000;1
Roasted Bean Premium Robusta Natural Tuang Coffee 250gr;48827;<50000;1
Nescafe Classic Sachet 2gr Lampung 1 pack isi 60pcs Kopi Murni Robusta;38500;<50000;1
Robusta Halus Kopi Aroma Bandung Original Koffie Fabriek Banceuy 51;33999;<50000;1
Gentlemen's Blend Espresso Arabica Biji Kopi Roasted Beans;49000;<50000;1
Excelso Kopi Sachet Robusta Gold;18500;<50000;1
kopi robusta temanggung 1kg / roast bean robusta 1kg - 500gr, BIJI;35000;<50000;1
Kopi Robusta Flores 200 gram 100% Robusta;29700;<50000;1
Biji Kopi Bubuk Fine Robusta Gayo Aceh Sumatra Coffee Roast Bean 250Gr;45999;<50000;1
Opal Coffee - Flores Robusta Roasted Beans 250g;42000;<50000;1
KOPI ROBUSTA 250gr USAHA KOPI TORAJA ASLI TANA TORAJA SULAWESI SELATAN;45000;<50000;1
Biji Kopi Bubuk Arabika Gayo Aceh Sumatera Arabica Coffee Roast Bean - 100 gram,  Bubuk Sedang;42999;<50000;1
Kopi Biji Sangrai 1 Kg ~ Black Coffee Robusta Lampung;50000;<50000;1
Biji Kopi 1kg Espresso Blend 70 arabika / 30 robusta;50000;<50000;1
ARUTALA kopi Bali Robusta 250 gram;36999;<50000;1
ARUTALA Kopi Flores Robusta Coffee 250 gram - Giling Halus;36999;<50000;1
(1 pcs) Kopi Kapal Api Bubuk Signature Arabica Robusta Ground 65 gr;10000;<50000;1
Kopi Robusta Malang Dampit Tirtoyudo - Biji;35000;<50000;1
Kopi Robusta Bubuk Cap 1001 ASLI Bengkulu 245gr;22750;<50000;1
WoCA Kopi Bali Robusta Lanang Peaberry 150 gram - Bean;17999;<50000;1
Drip Bag Coffee (Kopi Indonesia) - 5 Drip Bag;50000;<50000;1
Kopi bubuk robusta 100% | 500gr;25000;<50000;1
Kopi Cap Bis Kota (ROBUSTA) 250 Gr;22300;<50000;1
Kopi bubuk Robusta cap gentong kopi asli lampung murni 100%;14500;<50000;1
KOPI BUBUK ROBUSTA 1 KG - EKONOMIS, HARUM NIKMAT, PACKING RAPIH;35000;<50000;1
ARUTALA Kopi Toraja Rantebua Robusta Coffee Indonesia 250 gr;36999;<50000;1
Kopi Bubuk Lampung 1 Kg ~ Black Coffee Robusta Lampung;50000;<50000;1
Kopi Bubuk Kok Tong halus / kasar robusta koktong Siantar 500 gram;42500;<50000;1
ARUTALA Kopi Lampung Robusta Coffee 250 gram;36999;<50000;1
Excelso Robusta Gold - Bubuk Kopi 200 gr;31900;<50000;1
Ka.Mu kopi Robusta Pagar Alam;6000;<50000;1
Kopi cap singa robusta java 180 gr bubuk;16910;<50000;1
ARUTALA Kopi Robusta Gayo Coffee 250 gram;36999;<50000;1
Kopi Drip Robusta Mandailing dengan Filter Bag siap Seduh - DRIP TO GO;8000;<50000;1
Kopi Robusta Flores 200 gram 100% Robusta - Giling Halus;29700;<50000;1
Kopi Robusta Dampit Tirtoyudo Kualitas Pasar;22000;<50000;1
ARUTALA Kopi Vietnam Central Highland Robusta 250 gram;39999;<50000;1
Kopi Robusta Toraja Kalosi Sulawesi Coffee Roast Bean Biji Bubuk 250gr - Biji Kopi;39900;<50000;1
kopinoe. kopi murni100% kopi Liberika exelsa;50000;<50000;1
Biji Kopi Bubuk Arabika Flores Bajawa Arabica Coffee Omni Roast Beans - 100 gram,  Biji Kopi;42999;<50000;1
Kopi Jawa Temanggung 200 Gram (Biji Kopi Robusta - Espresso);31500;<50000;1
Kopi Robusta Sidikalang 200 gram 100% Robusta - Giling Halus;29700;<50000;1
Kopi Arabika Gayo Aceh Arabica Coffee Roast Bean 100g Biji Bubuk Coffe;44900;<50000;1
Kopi Jawa Temanggung 200 Gram (Biji Kopi Robusta - Espresso) - Whole Beans;31500;<50000;1
ARUTALA Kopi Toraja Rantebua Robusta Coffee Indonesia 250 gr - Giling Halus;36999;<50000;1
"Biji/Bubuk Kopi Temanggung Fine Bean 100 gram ""Italian Roast"" - Biji";19500;<50000;1
Kopi toraja robusta arabika Arabusta Gandangbatu Blend 200g - SUPER HALUS;36800;<50000;1
Kopi Biji Sangrai / Roast Bean Robusta Lanang (250gr);31000;<50000;1
KOPI BUBUK ROBUSTA AMING COFFEE AMENG COFFEE KOPI ASIANG PONTIANAK;38999;<50000;1
Drip Bag Coffee (Kopi Indonesia);50000;<50000;1
"Biji/Bubuk Kopi Temanggung Fine Bean 100 gram ""Italian Roast""";19500;<50000;1
KOPI BIJI SUMATRA ROBUSTA PREMIUM COFFEE BEANS 200 GR;46000;<50000;1
Kopi Arabika Aceh Gayo - Roasted Bean - 200 Gram;46000;<50000;1
Kopi Nescafe Classic 100gr refill kopi instan robusta 100 gram bag;33500;<50000;1
Kopi Bubuk Excelso Robusta Gold 200gr;31500;<50000;1
ROBUSTA JAVA IJEN RAUNG (BIJI KOPI PREMIUM) - 200 gram / Roasted Beans;34000;<50000;1
EXCELSO KOPI ROBUSTA BIJI 200GR;33900;<50000;1
Excelso Unakaffe Kopi Kapsul Robusta Gold (12 Kapsul @ 6 Gram);48000;<50000;1
EXCELSO KOPI ROBUSTA HALUS 200GR;33900;<50000;1
Kopi Robusta Malang Dampit Tirtoyudo - Bubuk;35000;<50000;1
Excelso Robusta Gold - Biji Kopi 200 gr;31900;<50000;1
ARUTALA Kopi Robusta Gold 200 gram;34999;<50000;1
Awi Coffee Kopi Robusta Sidikalang Premium 250 gr | Robusta| Roasted;34650;<50000;1
Kopi Arabica Gayo Wine aceh biji bubuk origin roast Coffee - 200gr - 100 gram,  bean/ biji;49400;<50000;1
Kopi Bis Kota 250gr ( ROBUSTA ) / Kopi Wong Hin ASLI Jatinegara;22300;<50000;1
Biji Kopi Robusta Lampung 1KG;25000;<50000;1
Kopi Jawa Temanggung 200 Gram (Biji Kopi Robusta - Espresso) - Whole Beans;31500;<50000;1
Kopi Bubuk | Exelso Kopi Robusta Gold Coffee 200 gr;35500;<50000;1
Excelso Kopi Premium - Robusta Gold Kemasan Sachet - 10 x 10 gr;18500;<50000;1
KOPI LIBERIKA WINE BUBUK CIBUNAR KUNINGAN;30000;<50000;1
Biji Kopi 1kg FINE ROBUSTA whole bean coffee bahan es kopi susu grosir;25000;<50000;1
Jamoca Signature 70%Arabica : 30%Robusta 200g Coffee Beans Biji Kopi;37500;<50000;1
Kopi Aroma Mocca Arabika Bandung;45888;<50000;1
Kenal Coffee Djawa Blend Kopi 60% Arabika 40% Robusta 250 Gr;41800;<50000;1
Drip Bag Coffee Arabica Gayo Wine Kopi Arabika Asli Murni Siap Seduh;10900;<50000;1
Kopi Sachet Celup Arabika Arabica Coffee Saset Asli Murni Tanpa Ampas;9900;<50000;1
KOPI TUBRUK ARABIKA BY TANAMERA COFFEE;39900;<50000;1
KOPI AROMA BANDUNG - ARABIKA / ROBUSTA FRESH ASLI - Bubuk / Biji 250gr;33500;<50000;1
KOPI AROMA MOKA ARABIKA 250gr;47000;<50000;1
EXCELSO Java Arabica - Biji Kopi 200 gr;50000;<50000;1
Biji Kopi 100% Full Arabica Mandheling Roasted Commercial - ESPRESSO;40000;<50000;1
Kopi Arabica Toraja biji bubuk origin roasted SEMEKAR Coffee - 200 gr;39560;<50000;1
Kopi Arabica Mandheling 200 Gram (Biji/Bubuk) | Worcas Coffee;47500;<50000;1
Kopi Arabica Aceh Gayo 200 gram - Biji, 100gr;23000;<50000;1
Biji Kopi Arabika Single Origin Gayo Wine;42500;<50000;1
Kopi Arabika Gayo Espresso Base 200g;50000;<50000;1
Kopi Arabika Import 100 Gram Single Origin - Bean/Biji & Ground/Bubuk;46000;<50000;1
Kopi Mokka Arabika Koffie Fabriek Aroma Bandoeng 250 gram;47000;<50000;1
Excelso Kopi Robusta Gold Biji 200G;33500;<50000;1
Biji Kopi Specialty Arabica Toraja Sapan 200 gram - Biji, 100gr;35000;<50000;1
ROBUSTA LAMPUNG kopi fine robusta premium biji bubuk MURRELL COFFEE;40000;<50000;1
Giling Kasar Kopi Aroma Bandung Mokka Arabika 250 gr;39500;<50000;1
Biji Kopi 1kg 100% arabica whole bean coffee es kopi susu grosir bahan;35000;<50000;1
Kopi Aroma Javaco Bandung//Robusta/Arabika;36500;<50000;1
Bubuk Kopi Vietnam blend 250gr robusta arabika biji / bubuk Special;38999;<50000;1
Kopi Blend Arabika Robusta - Ketje Ndeso Blend 100 Gr;20000;<50000;1
Excelso Robusta Gold Biji Kopi 200 Gram;29230;<50000;1
BIJI KOPI 250 GR 100 % ARABICA espresso blend es kopi susu;50000;<50000;1
Biji kopi sangrai fine robusta gayo - natural proses - 100 gram;10000;<50000;1
Robeans Self Drip Coffee | Kopi Tetes Arabika Robusta Flores | 13 g;9000;<50000;1
kopi drip bag paket 5 pcs arabika dan blend;40000;<50000;1
PAK KOS (Coffee Blend) / PREMIUM ARABIKA KHUSUS KOPI SUSU;36500;<50000;1
kopi arabika korea atomi 3in1;2100;<50000;1
Excelso Arabica Gold - Biji Kopi 200 gr;46200;<50000;1
Drip Bag Coffee Bundling Kopi Bubuk Arabika Asli Murni Siap Seduh;14900;<50000;1
Kopi Aroma Bandung 250 Gram Mix Arabika Robusta;41000;<50000;1
Excelso ARABIKA Gold 200 Gr - BIJI KOPI ( BEAN );50000;<50000;1
Kopi Aroma Mokka Arabika;47900;<50000;1
Kopi Sachet Celup Arabika Gayo Wine Arabica Coffee Murni Tanpa Ampas;10900;<50000;1
Kopi House Blend 73 1KG - Biji, 100gr;18000;<50000;1
Biji Kopi 1kg 50/50 whole bean coffee es kopi susu grosir blend;30000;<50000;1
Biji Kopi Fine Robusta Dampit Malang 1Kg By Kieta Coffee;25000;<50000;1
Kios Blend 30 Arabika 70 Robusta Kopi Susu Espresso Biji / Bubuk 250g;35000;<50000;1
Kopi Arabika Kilimanjaro Tanzania 100 Gr - Bean/Biji & Ground/Bubuk - Bean - Biji;46500;<50000;1
Kopi Liberika original 100gr;25000;<50000;1
Kopi Arabika Mysore India 100 Gr - Bean/Biji & Ground/Bubuk - Bean - Biji;46500;<50000;1
BIJI KOPI LIBERIKA LAMPUNG GRADE 1;40000;<50000;1
KAPAL API Special Silver 380 gr;24700;<50000;1
Kepala Djenggot Coffee Bag Kopi Celup Extra Strong 70 gr;20000;<50000;1
Kopi arabika Drip bag coffee 10 gr - ( pilih 3 origin );28000;<50000;1
KOPI EXCELSA LIBERIKA TEMANGGUNG;20000;<50000;1
Kopi Bubuk Kapal Tanker Old - 780 Gr;33600;<50000;1
Kopi Arabika Yirgacheffe Ethiopia 100 Gr - Bean/Biji & Ground/Bubuk - Bean - Biji;46500;<50000;1
Kopi Liberika Kopi Bedhag Djemberan 100 Gram;22900;<50000;1
Biji Kopi Liberika/Nangka 500gr;30000;<50000;1
Sumatera Lintong Arabica Grade 1 Biji Kopi Roasted Beans - GILING HALUS, 100 gram;46000;<50000;1
Kopi Arabika Toraja Sapan (Bubuk & Biji ) 100 Gr - Medium Dark,  Bubuk Kasar;35000;<50000;1
Teryco Roasters Ageng Rejeki - Biji Kopi Houseblend Full Robusta Kopsu - 200 Gr;28000;<50000;1
Biji Kopi Bubuk Arabika Flores Bajawa Arabica Coffee Omni Roast Beans;42999;<50000;1
Kopi Arabika Da Torres Brazil 100 Gr - Bean/Biji & Ground/Bubuk - Bean - Biji;46500;<50000;1
Kopi Aroma Mocca Arabika Bandung;50000;<50000;1
Kopi Luwak Plus Gula Tebu Black Coffee Bag 10x25gr Twin Pack;21780;<50000;1
Kopi Luwak Murni Black Coffee Bag 140gr + 140gr - 3 Pcs;39750;<50000;1
Biji Kopi Bubuk Arabika Papua Wamena Arabica Coffee Beans Roasted Bean - 100 Gram, Biji Kopi;42999;<50000;1
Biji Kopi Bubuk Robusta Sidikalang Asli Coffee Beans Espresso 250gr;39900;<50000;1
Kopi Liberika Lampung 250gr;35000;<50000;1
Kopi Bubuk Kapal Tanker New - 780 Gr;33600;<50000;1
KAPAL API Special Silver 2 X 380 gr;40000;<50000;1
Kopi Bubuk Robusta Naga Sanghie;55000;50000-100000;2
KOPI ROBUSTA SEMENDO DARK ROAST 1 KG BIJI KOPI BUBUK - Biji Kopi;74000;50000-100000;2
Kopi Ujung Robusta Toraja Premium 250 Gram;60000;50000-100000;2
Biji Kopi Susu Arabika 50% Robusta 50% Coreros House Blend - 500gr;72100;50000-100000;2
Bali Bo'hem Biji Kopi Organik Arabika BATAK (pouch) - Single Origin - 200g;89500;50000-100000;2
Kopi Robuta Dampit Malang 1 Kg (Biji/Bubuk);65000;50000-100000;2
Espresso Blend 500 gram Roast Bean Coffee Biji Kopi;94900;50000-100000;2
WoCA Kopi Bali Robusta 20 Sachets;54999;50000-100000;2
BIJI KOPI 100% FULL ROBUSTA Medium Roast 1KG - Mardika Coffee;75000;50000-100000;2
Kopi Java Robusta 900g - Roastedbean (biji sangrai);69000;50000-100000;2
Kopi Naga Sanghie Robusta 500 Gram;51500;50000-100000;2
Kopi Susu Blend 100% Robusta 1kg Coffee Beans Biji Kopi - Coarse/Kasar;88800;50000-100000;2
Kopi Bubuk Murni Robusta Tradisional Kopindari - 789 Gram;80000;50000-100000;2
Gayo Natural Single Estate Arabica 200g biji kopi coffee beans;86000;50000-100000;2
Kopi Robusta Natural Sidikalang Premium 1 Kg;87000;50000-100000;2
Kopi Burundi honey process ;75000;50000-100000;2
kopi kapsul excelso unakaffe Robusta gold;53500;50000-100000;2
Biji Kopi Bubuk Robusta Sidikalang 1kg 1 kg;90000;50000-100000;2
BIJI KOPI ETHIOPIA SIDAMO;95000;50000-100000;2
Biji Kopi Arabika Specialty Ethiopia Yirgacheffe Fullwash;87500;50000-100000;2
Kopi Arabika GAYO WINE | biji Kopi Aceh single origin arabica SPECIAL - 100g, Biji Sangrai;85000;50000-100000;2
Kopi Arabika lintong Natural Sumatra Biji Kopi Matang Bubuk 1kg;68000;50000-100000;2
Kopi Robusta Dampit Tirtoyudo Kualitas Pasar (Kemasan 1kg);78000;50000-100000;2
Biji Kopi 100% Full Robusta Dampit Roasted Commercial - BEST PRICE;85000;50000-100000;2
Biji Kopi Bubuk Arabika Papua Wamena Arabica Coffee Beans Coffe 200 gr;79900;50000-100000;2
Kopi Fine Robusta Aceh Gayo by Kieta Coffee 1000gr - Biji Kopi;65900;50000-100000;2
Kopi Robusta Dampit Natural 1kg (biji/bubuk);85000;50000-100000;2
Kopi Arabika Kintamani Bali Arabica Coffee Roast Beans 200g Biji Bubuk;59900;50000-100000;2
KOPI BUBUK ARABIKA GAYO 1 KG (TAKENGON) - Biji Kopi;90000;50000-100000;2
Biji Kopi Bubuk Robusta Toraja 1 kg 1kg Kopi Susu;85000;50000-100000;2
Kopi Arabika Kerinci Natural | Biji Kopi Single Origin Arabica 200gr;59900;50000-100000;2
Biji Kopi Arabika Kerinci Natural Arabica Coffee Bean Manual Brew 200g;79900;50000-100000;2
Kopi Robusta Aceh Gayo 1 Kg;83000;50000-100000;2
KOPI BUBUK MURNI ROBUSTA 1 KG KOPI HITAM ASLI MURAH BERKUALITAS;60000;50000-100000;2
Blueberry Blast Natural Anaerob Arabica Coffee Arabika Biji Kopi Bubuk;62000;50000-100000;2
ARUTALA Kopi Vietnam Central Highland Robusta 500 Gram;77999;50000-100000;2
TUKU - Biji Kopi Arabika: Tetangga Blend (250 gram);90000;50000-100000;2
Kopi Robusta Dampit Istimewa 1 Kg;79999;50000-100000;2
Biji Kopi Bubuk Robusta Bali Kintamani Sakha Coffee Roastery 500 Gram;74900;50000-100000;2
Biji Kopi Bubuk Robusta Lampung 1kg 1 kg;75000;50000-100000;2
Anomali Coffee Biji Kopi Black Pearl;100000;50000-100000;2
Biji Kopi Liberika Meranti khas Riau 200gr;60000;50000-100000;2
WoCA Kopi Bali Robusta Lanang Peaberry 150 gram X 3 Pack - Biji;51999;50000-100000;2
Kopi Lanang Robusta Pagar Alam Peaberry Coffe Bean Espresso Biji 200gr - Biji Kopi;50900;50000-100000;2
Full Robusta Kopi Susu 1 KG | Biji Kopi Susu - BEANS;79900;50000-100000;2
BUBUK KOPI LIBERIKA TRIBULUS GULA AREN 1KG / SIAP SEDU / CAMPUR MIXED;60000;50000-100000;2
Kopi Aroma Robusta Bandung 500 Gram Bubuk/Biji Asli Banceuy;68800;50000-100000;2
OZONITE MANTESA 84H | FILTER COFFEE | SPECIALTY COFFEE - 100gr;60000;50000-100000;2
Bubuk Kopi Robusta Naga Sanghie 500gr - Bubuk Halus;53000;50000-100000;2
Limited Edition Giftpack Kapal Api;75000;50000-100000;2
KOPI ROBUSTA FINE DAMPIT 500GR;60000;50000-100000;2
Kopi Robusta Preanger 500 Gr -Fine Robusta- Bean/Biji & Ground/Bubuk - Coarse - Kasar;79500;50000-100000;2
Kopi Robusta Aceh Gayo - Roasted Bean - 500 Gram - WHOLE BEAN;61750;50000-100000;2
Kopi Biji Sangrai Robusta Pagaralam Super ( 1kg ) - Giling Kasar;72000;50000-100000;2
Kopi Biji Sangrai Robusta Pagaralam ( 1kg ) - Biji Kopi;72000;50000-100000;2
Kopi Robusta Sepenanjung Bengkulu 900gr / Fresh Roasting;85000;50000-100000;2
Kopi Arabika GAYO WINE | biji Kopi Aceh single origin arabica SPECIAL;85000;50000-100000;2
Roasted Bean Premium Robusta Natural Tuang Coffee 1kg;95785;50000-100000;2
Kopi Robusta Sidikalang - Roasted Bean - 500 Gram - WHOLE BEAN;61750;50000-100000;2
KOPI ROBUSTA BALI PUPUAN TABANAN 1kg BIJI/BUBUK FRESH ROASTED-INDISCHE - Biji;96900;50000-100000;2
HALU FRUITY CHOCOLATE | HONEY | SPECIALTY COFFEE ESPRESSO - 100gr;65000;50000-100000;2
MANTESA HIBISCUS TEA | THERMAL WASH | SPECIALTY COFFEE FILTER - 100gr;60000;50000-100000;2
Kopi nangka liberika jawabarat mukapayung;90000;50000-100000;2
Biji Kopi Liberika Roasting 1kg (100% Original);60000;50000-100000;2
BUBUK GILING KASAR KOPI LIBERIKA MIX ARABIKA NATURAL 1KG;67000;50000-100000;2
Bubuk Kopi Liberika Nangka Wine Proses 1kg Kemasan Label Swalayan;65000;50000-100000;2
Bubuk Kopi Liberika Mix Jahe Merah 1Kg Terbukti !!;65000;50000-100000;2
BIJI KOPI LIBERIKA MIX ARABIKA ROASTING 1KG SUPER;72000;50000-100000;2
Kopi ADMIRAL Liberika 225gr - Bubuk;59000;50000-100000;2
Kopi Luak Liberika Sudah Sangrai;70000;50000-100000;2
BUBUK GILING KASAR KOPI ARABIKA WINE MIX LIBERIKA 1KG;75000;50000-100000;2
BUBUK KOPI ASLI ROBUSTA DAN LIBERIKA 100% KOPI TUBRUK HALUS;57000;50000-100000;2
Biji Kopi Liberika Wine Proses Roasting 1kg (100% Original);60000;50000-100000;2
kopi liberika kopinata;60000;50000-100000;2
Kopi Nangka 500Gr atau Kopi Liberika Excelsa Produk Kopi Juara;60000;50000-100000;2
BIJI KOPI LIBERIKA MIX ARABIKA ROASTING 500GRAM SUPER 100%;53000;50000-100000;2
ARABICA BRAZIL CERRADO FAZENDA SANTA MARIA BIJI KOPI;70000;50000-100000;2
ROAST BEAN ROBUSTA TEMANGGUNG JUAL BIJI KOPI HARGA GROSIR - 1KG, BIJI;65000;50000-100000;2
1kg Biji Kopi TOEKU Blend 100% Arabika untuk Kopi Susu;87500;50000-100000;2
Kopi Robusta Flores 500 Gr -Fine Robusta- Bean/Biji & Ground/Bubuk - Bean - Biji;79500;50000-100000;2
Kopi Arabika Semendo | Biji Kopi Single Origin Arabica 200gr;58702;50000-100000;2
KOPI ROBUSTA JAVA 1KG - BIJI;75000;50000-100000;2
Kopi Lanang Robusta Pagar Alam Peaberry Coffe Bean Espresso Biji 200gr;50900;50000-100000;2
Kopi Robusta Sidikalang 500 Gr -Fine Robusta- Bean/Biji & Ground/Bubuk - Bean - Biji;79500;50000-100000;2
Bubuk Kopi Liberika atau Nangka 1kg;60000;50000-100000;2
ARUTALA Kopi Gayo Alur Badak Robusta Coffee 500 Gram;71999;50000-100000;2
KOPI ROBUSTA FINE DAMPIT 500GR - BIJI;60000;50000-100000;2
Kopi Fajarasa Italian Espresso Biji Kopi Espresso Blend 500 gram;100000;50000-100000;2
ARUTALA Kopi Gayo Alur Badak Robusta Coffee 500 Gram - Biji;71999;50000-100000;2
Excelso Kopi Java Arabica Biji 200G;60000;50000-100000;2
Kopi Java Blend 200 Gram (Blend Kopi Susu Arabica-Robusta) - Whole Beans;58500;50000-100000;2
Kopi Jawa Temanggung 1 Kg (Biji Kopi Robusta - Espresso) - Whole Beans;95000;50000-100000;2
Kopi Jawa Temanggung 1 Kg (Biji Kopi Robusta - Espresso) - Whole Beans;95000;50000-100000;2
Biji Kopi Robusta Temanggung Wine Coffee Manual Brew Espresso 200 Gram - Bubuk Halus;50900;50000-100000;2
KOPI ARABIKA HALU BANANA HONEY 200 GRAM BIJI DAN BUBUK;76999;50000-100000;2
TUKU - Biji Kopi Arabika: Cipete Blend (250 gram);98000;50000-100000;2
Biji Kopi Robusta Temanggung Wine Coffee Manual Brew Espresso 200 Gram;50900;50000-100000;2
Kopi Bubuk Robusta Temanggung / Kopi Lelet / Coffee Robusta - pack valve;86000;50000-100000;2
Kopi Robusta Lampung 500 Gr -Fine Robusta- Bean/Biji & Ground/Bubuk - Bean - Biji;79500;50000-100000;2
Kopi Bestco Premium Robusta Mandheling 500 gr;70000;50000-100000;2
kopi Robusta - fine,  500gram;60000;50000-100000;2
Kopi Arabika Ijen Bondowoso Espresso 1kg | Commercial Coffee Beans;100000;50000-100000;2
Kopi Susu Blend 100% Robusta 1kg Coffee Beans Biji Kopi;88800;50000-100000;2
Kopi Robusta Dampit Natural 1kg (biji/bubuk) - Biji Kopi;85000;50000-100000;2
Kopi Arabika Sunda Aromanis | Biji Kopi Single Origin Arabica 200gr;59900;50000-100000;2
Kopi Biji Sangrai Robusta Semendo ( 1kg ) - Biji Kopi;72000;50000-100000;2
Kopi Robusta Kerinci 500 Gr -Fine Robusta- Bean/Biji & Ground/Bubuk - Coarse - Kasar;79500;50000-100000;2
Kopi Arabika Gayo Wine Arabica Coffee 200gr Sakha Roastery Biji Bubuk;79900;50000-100000;2
Kopi Polomero Espresso Blend 500 Gram (Biji/Bubuk) | Worcas Coffee;98000;50000-100000;2
KOPI SUSU BLEND 50/50 ARABIKA ROBUSTA - HALFTONE 1KG - 200 GRAM;59000;50000-100000;2
WoCA Kopi Bali Robusta Lanang Peaberry 150 gram X 3 Pack;51999;50000-100000;2
WorkshopBrother Kopi Robusta Lampung 1Kg - Biji atau Bubuk;85000;50000-100000;2
Biji Kopi Fine Robusta Flores Manggarai 1KG by kieta coffee;65900;50000-100000;2
Kopi Luwak High Class Dark Roast Powder 200gr;76000;50000-100000;2
Biji Kopi Bubuk Fine Robusta Gayo Aceh Coffee Sakha Roastery 500 Gram;74900;50000-100000;2
Kopi Arabika gayo Aceh organic grind / kopi aceh / kopi gayo;65000;50000-100000;2
Kopi Arabika Semendo Arabica Coffee Beans 200gr Roast Bean Biji Bubuk;59900;50000-100000;2
Kopi Arabika Kintamani 200 Gr Single Origin Bean/Biji & Ground/Bubuk - Bean - Biji;56500;50000-100000;2
Kopi Arabika Tanamera Coffee Sumatera: Mandailing Washed 100g;89100;50000-100000;2
Sakicha Purple Grape (200 gr) roasted beans specialty coffee biji kopi;90000;50000-100000;2
Bubuk / Biji Kopi Arabica(Arabika) Specialty Papua Wamena Kualitas Top - BIJI;94500;50000-100000;2
Kopi Luwak Liar Arabika Gayo Aceh Arabica Coffee Roast Beans 100 Gram;89900;50000-100000;2
KOPI ARABIKA - KOPI GUNUNG HALU 200GR BIJI / KOPI BUBUK | Kopi Arabica;59500;50000-100000;2
1KG ROAST BEAN ROBUSTA Untuk KOPI SUSU HARGA GROSIR MURAH;78000;50000-100000;2
Arabika Papua Wamena 200 gr Roast Bean Coffee - Kopi biji matang;89900;50000-100000;2
KOPI ARABIKA KAMOJANG 200 gr HONEY (BIJI / BUBUK) - bubuk halus;95000;50000-100000;2
Kopi Arabika Papua Wamena Arabica Coffee Roasted Beans Biji Bubuk 200g;54999;50000-100000;2
Biji Kopi Bubuk Robusta Toraja Coffee Roast Beans Sakha Roastery 500Gr;74900;50000-100000;2
Kopi Arabika Papandayan Arabica Coffee Roast Beans 200gr Biji Bubuk;59900;50000-100000;2
Kopi Arabika Halu 200 Gr Single Origin Bean/Biji & Ground/Bubuk - Bean - Biji;56500;50000-100000;2
Opal Coffee - Gayo Arabica Roasted Beans 250g;69000;50000-100000;2
Kopi Arabika Ijen Raung NATURAL 250GR Single Origin Arabica Coffee - BIJI,  250 Gram;78750;50000-100000;2
Bubuk / Biji Kopi Arabica(Arabika) 150 GR Papua Wamena Kualitas Top - BIJI;55000;50000-100000;2
KOPI ARABIKA CIWIDEY LEMON BLACK BERRY ROASTED BEAN CIWIDEY - 250 GRAM;51000;50000-100000;2
Kopi Arabika Import 200 Gram Single Origin - Bean/Biji & Ground/Bubuk;87000;50000-100000;2
Machoffee Blend (200 gr) roasted beans specialty coffee biji kopi;95000;50000-100000;2
Kopi Arabika/Robusta Toraja Blend (Bubuk/Biji) 250GR;65000;50000-100000;2
Kopi Toraja Blend Arabika Robusta Arabusta 500 gram;87000;50000-100000;2
Originutt Blend (200 gr) roasted beans specialty coffee biji kopi;100000;50000-100000;2
Robusta Roasted Bean / Biji Kopi 1 kg for Business - Pupuan Bali;100000;50000-100000;2
KOPI ARABIKA AROMANIS 100 gr NATURAL (BIJI / BUBUK) - bubuk halus;63000;50000-100000;2
Sakicha Red Strawberry 200 gr roasted beans specialty coffee biji kopi;90000;50000-100000;2
Kopi Arabika GAYO ACEH - Biji / Black Bean / Caramel Roast Bean;83900;50000-100000;2
Kopi Arabica Sigarar Utang Filter Roasted Beans Manual Brew 200gr;85500;50000-100000;2
Kopi Arabika Montecillos Honduras 200 Gr - Bean/Biji & Ground/Bubuk - Bean - Biji;88000;50000-100000;2
Arabika Garut Papandayan 200 gr Roast Bean Coffee - Kopi biji matang;79900;50000-100000;2
Kopi Arabika Peaberry Gayo - Roasted Bean - 200g - WHOLE BEAN;55000;50000-100000;2
Kopi Arabika Mamasa Specialty 200 Gr;95000;50000-100000;2
Kopi Arabika Aceh Gayo 200 gram Othello Coffee Single Origin - Powder Kasar;60000;50000-100000;2
kopi Arabika proses natural palintang bdg Utara 200 gram by javanika - Kasar;70000;50000-100000;2
KOPI ARABIKA KAMOJANG 200 gr FULL WASHED (BIJI / BUBUK);90999;50000-100000;2
Kopi Arabika Wamena 200 Gr Single Origin Bean/Biji & Ground/Bubuk - Bean - Biji;64000;50000-100000;2
Kopi Arabika Congo Kawa Kivu 200 Gr - Bean/Biji & Ground/Bubuk - Bean - Biji;88000;50000-100000;2
Kopi Arabika Sulawesi: Toraja Sapan 100gr;89100;50000-100000;2
Kopi Arabika Garut Papandayan 200 Gram Single Origin;56500;50000-100000;2
Roasted Bean Premium Robusta Natural Tuang Coffee 1kg - Biji Kopi.;91735;50000-100000;2
Kopi Arabika Watermelon Smash! 100 gram Natural ( Biji / Bubuk ) - Biji;68000;50000-100000;2
Kopi Arabika/Robusta Toraja Blend (Bubuk/Biji) 250GR - Medium Roasting,  Biji Roasting;65000;50000-100000;2
Kopi/Coffee ARABIKA PAPUA WAMENA 250gr - MEDIUM ROAST,  COARSE;58000;50000-100000;2
Kopi Arabika Gayo Aceh Arabica Coffee Roast Bean 200g Biji Bubuk Coffe;59999;50000-100000;2
Kopi AROMA Bandung - Moka Arabika - Koffie Fabriek - 500Gr;88500;50000-100000;2
Roasted Bean Primo Blend Tuang Coffee (Arabica dan Robusta) 250gr;52735;50000-100000;2
Kopi Arabika Kilimanjaro Tanzania 200 Gr - Bean/Biji & Ground/Bubuk;88000;50000-100000;2
Awi Coffee Sidikalang Arabica Premium 250gr|Biji|Roasted|Grade 1|Beans;64350;50000-100000;2
Biji Kopi Bubuk Arabika Bali Kintamani Arabica Coffee Roast Beans 200g;59900;50000-100000;2
Biji Kopi Bubuk Arabika Toraja Arabica Coffee Roast Bean Sakha 200Gram;59900;50000-100000;2
Cold Crafters Signature Cold Brew Blend Roasted Coffee Beans;52000;50000-100000;2
Kopi Arabika Kerinci Mandarin Orange 100 gram Full Washed (Biji/Bubuk);63000;50000-100000;2
Cold Crafters Signature Cold Brew Blend Roasted Coffee Beans - GILING KASAR,  100 gram;52000;50000-100000;2
Kopi Aroma Moka Arabika Arabica 500 gr Bandung Halus Medium Kasar Biji;95800;50000-100000;2
Roasted Bean Premium Arabica Washed Tuang Coffee 250gr;58827;50000-100000;2
Kopi Aroma Mocca Arabika Bandung 500 gr;91888;50000-100000;2
1KG ROAST BEAN ROBUSTA TEMANGGUNG JUAL BIJI KOPI HARGA GROSIR;70000;50000-100000;2
Kopi Arabika Kerinci Honey Arabica Specialty Coffee Roast Beans 200gr;79900;50000-100000;2
Arabika Blue Ijen 200 gr Roast Bean Coffee - Kopi biji matang;79900;50000-100000;2
Kopi Arabika Toraja (Biji/Bubuk) 250 GRAM - Medium Dark,  Bubuk Halus;65000;50000-100000;2
Roasted Bean Premium Robusta Natural Tuang Coffee 1kg;91735;50000-100000;2
KOPI ARABIKA BALI KINTAMANI 250g ROASTED BEAN SANGRAI - BIJI-BUBUK;72000;50000-100000;2
Kopi Java Robusta 900g - Ground (bubuk);69000;50000-100000;2
Kopi Arabika Solok 200 Gr Single Origin Bean/Biji & Ground/Bubuk - Bean - Biji;56500;50000-100000;2
Kopi Arabika Toraja Sapan 200 Gram - Bubuk / Biji - Arabica Coffee;58000;50000-100000;2
Kopi Cap Bis Kota (ARABIKA) 250 Gr;55500;50000-100000;2
Kenal Coffee Java Joe Blend Kopi 50% Arabika Robusta 250 Gr - Bubuk;55000;50000-100000;2
Kopi Arabica Sigarar Utang Filter Roasted Beans Manual Brew 200gr;90000;50000-100000;2
Kopi Arabika Toraja Sapan Arabica Coffee Roasted Beans Biji Bubuk 200g;54900;50000-100000;2
Opal Coffee - Longberry Arabica Roasted Beans 250g;88000;50000-100000;2
PAPUA ARABICA DARK ROASTED COFFEE BEANS 200 GR;58000;50000-100000;2
KOPI ARABIKA MALABAR 200gr FULL WASHED (BIJI / BUBUK) - FUGOL COFFEE;73000;50000-100000;2
Kopi Java Blend 200 Gram (Blend Kopi Susu Arabica-Robusta) - Whole Beans;58500;50000-100000;2
Kopi [Biji/Bubuk] Arabika Aceh Gayo WINE Kualitas Mantap;78750;50000-100000;2
Kopi Monokrom 200 Gram (Biji Kopi Espresso Blend Full Arabica) - Whole Beans;99000;50000-100000;2
Kopi Java Blend 200 Gram (Blend Kopi Susu Arabica-Robusta);58500;50000-100000;2
Kopi Arabika Toraja Sapan Arabica Coffee Roasted Beans Biji Bubuk 200g - Bubuk Kasar;54900;50000-100000;2
Opal Coffee - Longberry Arabica Roasted Beans 250g - Reguler,  Whole Medium;88000;50000-100000;2
Kopi Monokrom 200 Gram (Biji Kopi Espresso Blend Full Arabica);99000;50000-100000;2
ARUTALA Kopi Lampung Robusta Coffee 500 Gram - Giling Halus;71999;50000-100000;2
ARUTALA Kopi Flores Robusta Coffee 500 gram - Biji;71999;50000-100000;2
Kopi Robusta Dampit Natural 1kg (biji/bubuk);75000;50000-100000;2
1KG ROAST BEAN ROBUSTA TEMANGGUNG JUAL BIJI KOPI HARGA GROSIR - GRADE 1-BIJI,  1KG;70000;50000-100000;2
Kopi Robusta Sidikalang Asli Coffee Bean Espresso 500 Gram Biji Bubuk;74900;50000-100000;2
Robusta Dampit Malang - Biji Kopi;65000;50000-100000;2
Kopi Bubuk Robusta Dampit Malang;65000;50000-100000;2
ARUTALA Kopi Robusta Temanggung Wine 200 gram;50999;50000-100000;2
Kopi Arabika Gayo Aceh,  Wine 1 Kg - Biji/Bubukâ€“San Kopi Roastery;80000;50000-100000;2
Biji Kopi 1kg Espresso Blend 70 Arabika / 30 Robusta;80000;50000-100000;2
Kopi Fajarasa Robusta Lampung Biji Kopi Robusta 500 gram;75000;50000-100000;2
Biji Kopi Full Robusta Kopi Susu Ekonomis 1 KG | 1KG;80000;50000-100000;2
ARUTALA Kopi Toraja Rantebua Robusta Coffee 500 Gram;71999;50000-100000;2
Kopi Arabika Gayo Wine 250 Gram;75000;50000-100000;2
Kopi Arabika Flores Bajawa 200gr Biji / Bubuk - Arabica Specialty;78000;50000-100000;2
Kopi Robusta Lampung - Roasted Bean - 500 Gram;61750;50000-100000;2
Roasted Bean Premium Robusta Natural Tuang Coffee 1kg - Biji Kopi.;91735;50000-100000;2
Kopi Arabika Antigua Guatemala 200 Gr - Bean/Biji & Ground/Bubuk - Bean - Biji;88000;50000-100000;2
Kopi Arabika Peaberry Gayo - Roasted Bean - 200g;55000;50000-100000;2
Biji Kopi Arabika Ciwidey Gulali 250gr;60000;50000-100000;2
Kopi Arabika Mandailing Commercial Grade 500 gr;72500;50000-100000;2
Kopi Arabika Lanang Peaberry Arabica Gayo Aceh Coffee Roast Bean 200gr;76900;50000-100000;2
Kopi Arabika Aceh Gayo WINE Process 200 Gram - Bean - Biji;75000;50000-100000;2
Kopi Arabika Sumatra: Aceh Gayo 100gr;99000;50000-100000;2
Roasted Bean Premium Arabica Washed Tuang Coffee 250gr - Biji Kopi.;58827;50000-100000;2
Kopi Teras - Kopi arabika 250 gram;90000;50000-100000;2
Kopi/Coffee ARABIKA PAPUA WAMENA 250gr;58000;50000-100000;2
Kopi Arabika Tanamera Coffee Espresso Blend 100Gr;81900;50000-100000;2
Arabica Aceh Gayo Takengon Grade 1 / Roasted Bean / Biji Kopi 500 GRAM;99990;50000-100000;2
Kopi Arabika Gayo Wine Process 250g - roastbean;75000;50000-100000;2
Opal Coffee - Gayo Arabica Roasted Beans 250g - Reguler,  Whole Beans;69000;50000-100000;2
Kopi Arabika Tanamera Coffee Premium Blend 100gr;89100;50000-100000;2
Kopi Luwak High Class Medium Roast Bean 200gr;76000;50000-100000;2
Kopi Liberika Arjuno 1kg single origin biji/bubuk;105000;100000-150000;3
Kopi Arabika Kerinci Mandarin Orange 200 gram Full Washed (Biji/Bubuk);113000;100000-150000;3
Kopi Arabica Gayo Natural Wine 500 gr (bubuk/biji);108000;100000-150000;3
KOPI ARABIKA BALI KINTAMANI 500GR - BIJI;130000;100000-150000;3
Kerinci Washed - Instinct Coffee - Biji Kopi;135000;100000-150000;3
Kopiz Arabica Lembah Kerinci Raya;130000;100000-150000;3
Kopi Arabika Toraja Sapan 500 GRAM (Bubuk dan Biji) - Medium Roasting,  Bubuk Halus;132000;100000-150000;3
Kopi Luwak Murni Renceng 20x6.5gr - 20pcs (Carton);118000;100000-150000;3
Rancabali Shasika Pink (Arabica Specialty Coffee);117000;100000-150000;3
TANAMERA COFFEE - Espresso Blend / Kopi Arabika 250 Gram 3 Varian - Find Grind;133285;100000-150000;3
Kopi Arabika Aceh Gayo Commercial Grade 1 kg;140000;100000-150000;3
Biji Kopi Blend 50/50 Kopi Susu Ekonomis 1 KG | 1KG;120000;100000-150000;3
KOPI ARABIKA ACEH GAYO 500GR - BIJI;130000;100000-150000;3
Kopi [Biji/Bubuk] 500gr Arabika Aceh Gayo WINE Kualitas Mantap - BIJI;150000;100000-150000;3
KOPI ARABIKA AROMANIS 200 gr NATURAL (BIJI / BUBUK) - bubuk halus;113000;100000-150000;3
Roasted Bean Primo Blend Tuang Coffee (Arabica dan Robusta) 1kg;135817;100000-150000;3
Kopi Arabika Flores Bajawa Commercial Grade 1 kg;140000;100000-150000;3
Kopi Arabika Java Ijen 500 Gr Single Origin Bean/Biji & Ground/Bubuk;115500;100000-150000;3
Kopi Arabika Java Ijen 500 Gr Single Origin Bean/Biji & Ground/Bubuk - Bean - Biji;115500;100000-150000;3
Kopi Arabika Luwak 100 Gr Single Origin - Biji & Bubuk - Bean - Biji;110000;100000-150000;3
Kopi Arabika Flores 500 Gr Single Origin Bean/Biji & Ground/Bubuk - Bean - Biji;115500;100000-150000;3
Bubuk Kopi Putih Liberika / Nangka 1kg (100% Original);125000;100000-150000;3
Kopi Arabika Kintamani Lemon Candy : Honey 200gr | Biji/Bubuk;149000;100000-150000;3
Kopi Arabika Solok 500 Gr Single Origin Bean/Biji & Ground/Bubuk;115500;100000-150000;3
Kopi Fajarasa Aceh Gayo Biji Kopi Arabica 500 gram;125000;100000-150000;3
Biji Kopi 100% Arabica ACEH GAYO Roasted Commercial 1kg - ESPRESSO;110000;100000-150000;3
Kopi Arabika Aceh Gayo 500 Gr Single Origin Bean/Biji & Ground/Bubuk - Coarse - Kasar;115500;100000-150000;3
Kopi Toraja Arabika Toraja Specialty 1AA Arabica Coffee - BIJI SANGRAI,  500gr Variety;125550;100000-150000;3
Kopi Arabika Peaberry / Lanang 500 Gr Single Origin - Bean - Biji;136000;100000-150000;3
BIJI KOPI 1KG | NERACA HOUSEBLEND ESPRESSO;150000;100000-150000;3
Kopi/Coffee ARABIKA PAPUA WAMENA 500gr;104000;100000-150000;3
Kopi Arabika KENYA KIRINYAGA 200g Specialty Coffee Beans Biji Kopi;143000;100000-150000;3
Decaf Colombia Dekaf Single Origin Arabica 200g biji kopi coffee beans;109000;100000-150000;3
Kopi Luwak High Class Dark Roast Bean 200gr Twin Pack;136800;100000-150000;3
Kopi Luwak Liar Gayo Arabica 200gr;140000;100000-150000;3
1KG ROAST BEAN ARABICA TEMANGGUNG FULLWASH JUAL KOPI ARABIKA GROSIR;110000;100000-150000;3
Robusta kopi Toraja asli 100 %, HARUM kopi Organik .1000gr - 1kg,  kemasan biasa;100880;100000-150000;3
ARUTALA Kopi Gayo Alur Badak Robusta Coffee 1KG - Biji;139999;100000-150000;3
Kopi Luwak Liar Arabika Gayo 200 Gr - Bubuk / Biji - Wild Civet Coffee - BUBUK HALUS;138000;100000-150000;3
Starbucks Cafe Verona - Whole Bean Dark Roast 250gr Biji Kopi Coffee;125000;100000-150000;3
Kopi Robusta Sidikalang - Roasted Bean - 1 KG;104500;100000-150000;3
Kopi Robusta Aceh Gayo - Roasted Bean - 1 KG - WHOLE BEAN;104500;100000-150000;3
Whole Bean Dark Roast 250gr Starbucks Brew Me Coffee Grind;125000;100000-150000;3
Kopi Luwak High Class Dark Roast Bean 200gr Twin Pack;139600;100000-150000;3
Relaxing Latimojong 200g | roasted beans specialty coffee biji kopi;140000;100000-150000;3
Kopi Vietnam - Mr Viet - 100% dari Vietnam - ROBUSTA;135000;100000-150000;3
Kopi Special Gold Espresso House Blend Coffee Beans Coffe 500 Gram - Biji Kopi;104900;100000-150000;3
Biji Kopi Aceh Gayo Arabika ROASTED BEANS 500G;104500;100000-150000;3
Biji Kopi Arabika Papandayan Hybrid Filter Roast - Constant Beans - Whole Beans;115000;100000-150000;3
Anomali Coffee Biji Kopi Toraja Bittuang - Whole Beans;125000;100000-150000;3
Biji Kopi Susu Blend Custom Arabica Robusta Roasted Coffee Beans 1 Kg;110000;100000-150000;3
Kopi Starbucks Whole Bean Espresso Dark Roast Coffee Sachet Bag 250 gr;149000;100000-150000;3
El's Coffee Robusta Bundle - Paket Kopi Robusta;132000;100000-150000;3
Kopi Espresso Fine Robusta Garut 1 Kg;119000;100000-150000;3
Robusta kopi Toraja asli 100 %, HARUM kopi Organik .1000gr;100880;100000-150000;3
Kopi Arabika Papandayan Arabica Coffee Roast Beans 500gr Biji Bubuk;149900;100000-150000;3
Biji Kopi Aceh Gayo Robusta (ROASTED BEANS);114000;100000-150000;3
Biji kopi robusta lanang Sumsel 1kg sangrai / roasted beans kopi Piko;120000;100000-150000;3
Kopi Luwak High Class Dark Roast Bean 200gr Twin Pack;139600;100000-150000;3
Kopi Luwak High Class Medium Roast Bean 200gr Twin Pack;139600;100000-150000;3
Biji Kopi Arabika Papandayan Hybrid Filter Roast - Constant Beans;115000;100000-150000;3
Kopi Luwak High Class Dark Roast Bean 200gr Twin Pack;136800;100000-150000;3
TANAMERA COFFEE - Espresso Blend / Kopi Arabika 250 Gram 3 Varian;133285;100000-150000;3
Kopi Robusta Aceh Gayo - Roasted Bean - 1 KG - WHOLE BEAN;104500;100000-150000;3
Biji kopi House Blend SEA ALMAZ 1 kg Roasted Coffee Bean Espresso - 30A 70R,  Biji Kopi;102000;100000-150000;3
Biji Kopi 100% Arabica ACEH GAYO Roasted Commercial 1kg - ESPRESSO - Bubuk Kasar;110000;100000-150000;3
Roasted Bean Primo Blend Tuang Coffee (Arabica dan Robusta) 1kg - Biji Kopi.;132817;100000-150000;3
El's Coffee Robusta Bundle - Paket Kopi Robusta - Biji Kopi;132000;100000-150000;3
Starbucks Italian Roast - Whole Bean Dark Roast 250gr Biji Kopi Coffee;125000;100000-150000;3
Kopi Robusta Nusantara 1 Kg -Fine Robusta- Bean/Biji & Ground/Bubuk - Aceh Gayo;146000;100000-150000;3
Kopi Arabika SUWARNADWIPA STRAWBERRY Limited Single Origin mrocoffee - 200g, Biji Sangrai;129000;100000-150000;3
Kopi Double Deer 200 Gram (Biji Kopi Espresso Blend Full Arabica) - Whole Beans;110000;100000-150000;3
Biji Kopi Bubuk Robusta Toraja Sulawesi Coffee Beans Espresso 1Kg - Biji Kopi;134900;100000-150000;3
Roasted Bean Primo Blend Tuang Coffee (Arabica dan Robusta) 1kg;132817;100000-150000;3
Starbucks Espresso - Whole Bean Dark Roast 250gr Biji Kopi Coffee;125000;100000-150000;3
1KG ROAST BEAN ARABICA TEMANGGUNG FULLWASH JUAL KOPI ARABIKA GROSIR - BIJI,  500gram;110000;100000-150000;3
Kopi Nangka 1Kg biasa disebut Liberika atau Excelsa Khas Dari Semeru;119000;100000-150000;3
Es kopi blend robus arabica coffee ABRA 70% Robusta 30% Arabica 1000gr;120000;100000-150000;3
Kopi Robusta Aceh Gayo - Roasted Bean - 1 KG;104500;100000-150000;3
Starbucks Sumatra - Whole Bean Dark Roast 250gr Biji Kopi Coffee Grind;125000;100000-150000;3
Kopi Robusta Lampung - Roasted Bean - 1 KG - WHOLE BEAN;104500;100000-150000;3
Roasted Bean Primo Blend Tuang Coffee (Arabica dan Robusta) 1kg - Biji Kopi.;132817;100000-150000;3
Starbucks Coffee Whole Bean 250 gram Espresso Roast;118000;100000-150000;3
Kopi Liberika Sumedang 1kg / Kopi Nangka;150000;100000-150000;3
Biji kopi robusta lanang Sumsel 1kg sangrai / roasted beans kopi Piko - Biji Kopi;120000;100000-150000;3
BIJI KOPI HOUSE BLEND Arabica 50% Robusta 50% - 1 kg - Biji, 250gr x 4;145000;100000-150000;3
Nut on Nut 1kg - Biji Kopi Robusta Kopi Susu Blend 1kg | Coffeenatics;120000;100000-150000;3
KOPI ROBUSTA 1KG;125000;100000-150000;3
Kopi Robusta Sidikalang - Roasted Bean - 1 KG - WHOLE BEAN;104500;100000-150000;3
Tiga Tujuh 1kg - Biji Kopi Grosir 1kg | Coffeenatics;120000;100000-150000;3
Kopi Arabika Peaberry Gayo - Roasted Bean - 500g;123500;100000-150000;3
Kopi Arabika Puntang 500 Gr Single Origin Bean/Biji & Ground/Bubuk;115500;100000-150000;3
ARUTALA Kopi Robusta Temanggung Wine 500 gram - Biji;123999;100000-150000;3
KOPI ARABIKA MALABAR 500gr FULL WASHED (BIJI / BUBUK) - FUGOL COFFEE;138000;100000-150000;3
Kopi Robusta Bali 1 Kg -Fine Robusta- Bean/Biji & Ground/Bubuk - Bean - Biji;146500;100000-150000;3
El's Coffee Robusta Bundle - Paket Kopi Robusta;132000;100000-150000;3
Kopi Luwak - Paket Ternikmat;114284;100000-150000;3
Seniman Coffee Beans / Biji Kopi Totally Decaf;161000;150000-200000;4
Kopi Arabika Tanamera Coffee Sumatera: Mandailing Washed 250g;180000;150000-200000;4
Kopi Arabika Ethiopia Yirgacheffe 200 gram Specialty Coffee Biji Kopi;158000;150000-200000;4
Kopi Arabika Aceh Gayo 1 KG - Commercial Grade - WHOLE BEAN;160000;150000-200000;4
ARUTALA Kopi Arabika Toraja Sapan 500 Gram;150999;150000-200000;4
Kopi Luwak Liar ARABIKA Aceh Gayo ASLI biji kopi arabica LIMITED - 100g, Biji Sangrai;159000;150000-200000;4
Biji Kopi 100% Full Arabica Mandheling Roasted Commercial - BEST PRICE - Biji Kopi;165000;150000-200000;4
% Arabica Blend 200 gram ( coffee beans );185000;150000-200000;4
ARUTALA Kopi Flores Bajawa Arabika Arabica Coffee 500 Gram;150999;150000-200000;4
Kopi Arabika Tanamera Coffee Premium Blend;180000;150000-200000;4
Kopi Fajarasa Papua Wamena Biji Kopi Arabica 500 gram - Biji Utuh;170000;150000-200000;4
Kopi Arabika Sulawesi: Toraja Sapan;156750;150000-200000;4
Kopi Signature Espresso House Blend Coffee Beans 1Kg ( Biji / Bubuk );179900;150000-200000;4
kopi arabika gayo specialty (full wash) - 1kg | biji/bubuk;190000;150000-200000;4
Kopi Arabika Tanamera Coffee Bali: Kintamani Washed 250g;158000;150000-200000;4
Kopi Arabika Tanamera Coffee Espresso Blend 250 Gr;150100;150000-200000;4
% Arabica Sumatra Simalem 200 gram Single Origin ( coffee beans );185000;150000-200000;4
Kopi Luwak Liar ARABIKA Aceh Gayo ASLI biji kopi arabica LIMITED;159000;150000-200000;4
Single Origin Arabica Fullwash Espresso 1kg (Coffee Roasted Beans);190000;150000-200000;4
Biji Kopi 100% Full Arabica Mandheling Roasted Commercial - BEST PRICE;165000;150000-200000;4
Roasted Bean Premium Arabica Washed Tuang Coffee 1kg;192000;150000-200000;4
Kopi Toraja robusta arabika Blend Arabusta Gandangbatu 1kg;156600;150000-200000;4
Single Origin Arabica Fullwash Espresso 1kg (Coffee Roasted Beans);180000;150000-200000;4
Biji Kopi PAPUA (200gr) - FIRST CRACK Specialty Coffee Beans Roasted;200000;150000-200000;4
ARUTALA Kopi Vietnam Central Highland Robusta 1KG;151999;150000-200000;4
ARUTALA Kopi Vietnam Central Highland Robusta 1KG - Biji;151999;150000-200000;4
Kopi Arabika Luwak 200 Gr Single Origin - Biji & Bubuk - Bean - Biji;200000;150000-200000;4
Kopi Java Blend 1 Kg (Blend Kopi Susu Arabica-Robusta) - Whole Beans;161500;150000-200000;4
Colombia El Diviso Geisha (Filter Roast) - Specialty Coffee Bean;192000;150000-200000;4
Kopi Toraja robusta arabika Blend Arabusta Gandangbatu 1kg - BIJI SANGRAI;156600;150000-200000;4
KOPI BIJI BALI PREMIUM ROBUSTA COFFEE BEAN 1000 GR;170000;150000-200000;4
Kopi Gayo Premium Blend 1 KG / Arabika & Robusta / Biji & Bubuk - Roasted Bean;170000;150000-200000;4
Kopi Java Blend 1 Kg (Blend Kopi Susu Arabica-Robusta) - Whole Beans;161500;150000-200000;4
Kopi Java Blend 1 Kg (Blend Kopi Susu Arabica-Robusta);161500;150000-200000;4
KOPI NESCAFE GOLD DECAF 100GR INSTANT ARABICA AND ROBUSTA;150738;150000-200000;4
Roasted Bean Premium Arabica Washed Tuang Coffee 1kg - Biji Kopi;192000;150000-200000;4
KOPI ARABIKA KAMOJANG 500 gr HONEY (BIJI / BUBUK) - biji kopi;198000;150000-200000;4
Kopi Fajarasa Papua Wamena Biji Kopi Arabica 500 gram;170000;150000-200000;4
Kopi Arabika Puntang WINE Process 500 Gram - Bean - Biji;170000;150000-200000;4
Kopi Luwak Collagen Renceng 10x25gr -10pcs [Carton];181000;150000-200000;4
Anomali Coffee Biji Kopi Black Pearl 500gr;180000;150000-200000;4
Kopi Arabika Aceh Gayo WINE Process 500 Gram - Bean - Biji;170000;150000-200000;4
Kopi Arabika Montecillos Honduras 500 Gr - Bean/Biji & Ground/Bubuk - Bean - Biji;185000;150000-200000;4
Kopi Arabika Congo Kawa Kivu 500 Gr - Bean/Biji & Ground/Bubuk - Bean - Biji;185000;150000-200000;4
Kopi Arabika Preanger 1 Kg Single Origin Bean/Biji & Ground/Bubuk - Bean - Biji;213000;200000-250000;5
Coffee Illy Medium Roast Beans Espresso 250 gram Biji Kopi Roasted;202000;200000-250000;5
Roasted Bean Dia Blend Tuang Coffee (Full Arabica) 1kg - Biji Kopi;208000;200000-250000;5
KOPI ARABIKA AROMANIS 500 gr NATURAL (BIJI / BUBUK) - bubuk halus;203000;200000-250000;5
Kopi Arabika Lintong 1 Kg Single Origin Bean/Biji & Ground/Bubuk - Bean - Biji;213000;200000-250000;5
1 KG KOPI ARABICA TEMANGGUNG NATURAL ROAST BEAN JUAL ARABIKA GROSIR - BIJI,  1KG;205000;200000-250000;5
Kopi Arabika Kerinci 1 Kg Single Origin - Coarse - Kasar;213000;200000-250000;5
Arabika Roasted bean / biji kopi 1 kg for Business - Kintamani Bali;210000;200000-250000;5
Kopi Luwak Asli 250gr (Robusta);240000;200000-250000;5
illy Coffee - Classico - Biji Kopi 250 gr;202000;200000-250000;5
Roasted Bean Dia Blend Tuang Coffee (Full Arabica) 1kg;208000;200000-250000;5
ARUTALA Kopi Robusta Temanggung Wine 1KG - Biji;241999;200000-250000;5
Kopi Arabika Ijen Raung 1 KG Single Origin Arabica Coffee - BIJI;240000;200000-250000;5
Kopi Arabika Puntang 1 Kg Single Origin Bean/Biji & Ground/Bubuk;213000;200000-250000;5
Kopi Arabika Garut Sukatani (Kemasan 1kg);210000;200000-250000;5
Kopi Arabika Kerinci Kayu Aro 1 Kg ( Biji / Bubuk );225000;200000-250000;5
Kopi Arabika Flores Manggarai 1 KG Arabica Coffee - BIJI;240000;200000-250000;5
Kopi Arabika Toraja 1 Kg Single Origin Bean/Biji & Ground/Bubuk - Coarse - Kasar;213000;200000-250000;5
Kopi Arabika Mandailing 1 Kg Single Origin Bean/Biji & Ground/Bubuk - Bean - Biji;213000;200000-250000;5
Kopi Arabika Roast Fresh Coffee Honey 1 Kg - Giling Halus;300000;250000-300000;6
Kopi Arabika Toraja Perindingan FW 1kg - BIJI SANGRAI;272000;250000-300000;6
KOPI BIJI PAPUA ARABICA DARK ROASTED COFFEE BEANS 1000 GR;275000;250000-300000;6
Kopi Arabika Ijen Raung NATURAL 1 KG Single Origin Arabica Coffee - BIJI;300000;250000-300000;6
Biji Kopi Arabika Watermelon Smash! 500 gram Specialty Coffee - Biji;268000;250000-300000;6
Kopi Arabika Peaberry / Lanang 1 Kg Single Origin - Bean - Biji;255000;250000-300000;6
Malotong Kopi Arabika Toraja Sapan 1 Kg Bubuk/Biji - Medium Roasted,  Gilingan Kasar;310000;300000-350000;7
Kopi Luwak Gayo dan Robusta Box Besar;349000;300000-350000;7
Malotong Kopi Arabika Toraja 1kg Gandasil Coffee Bean Kopi Bubuk Biji - Medium Roasted,  Biji Roasted;310000;300000-350000;7
Kopi Arabika Tanamera Coffee Espresso Blend 1 Kg;396000;350000-400000;8
Kopi Luwak Ternak Sidikalang Arabika 250 Gram;375000;350000-400000;8
TANAMERA COFFEE - Premium Blend / Kopi Arabika 1kg;412800;400000-450000;9
Biji Kopi Arabika Watermelon Smash! 1 KG Specialty Coffee - Biji;425000;400000-450000;9
Kopi Arabika Luwak 500 Gr Single Origin - Bean/Biji & Ground/Bubuk - Bean - Biji;450000;400000-450000;9
Kopi Arabika Tanamera Coffee Premium Blend 1Kg;463000;450000-500000;10
Kopi Arabika KENYA KIRINYAGA 1 Kg Specialty Coffee Beans Biji Kopi;462000;450000-500000;10
Kopi Arabika Tanamera Coffee Sumatera: Mandailing Washed 1Kg;462000;450000-500000;10
Kopi Arabika Ethiopia Yirgacheffe 1 KG Specialty Coffee Biji Kopi;502000;500000-550000;11
Kona Coffee Hawaii 100% Peaberry Medium Roast Coffee Bean 8oz 226g;750000;700000-750000;15
Kopi Luwak Authentic Arabica 150 Gr;744610;700000-750000;15
