Nama Produk;Harga;Diskon;Harga Sebelum Diskon;Lokasi;Toko;Rating;Terjual;Estimasi Terjual;Jenis;Proses;Origin;Negara;Jumlah gram
Kopi Arabika Aceh Gayo - Roasted Bean - 200 Gram - COARSE;46000;0;46000;Medan;Hatana Coffee;5.0;250+;250;Arabika;Other;Gayo;Lokal;200
Kopi Arabika Aceh Gayo 1 KG - Commercial Grade - WHOLE BEAN;160000;0;160000;Medan;Hatana Coffee;4.9;1 rb+;1000;Arabika;Other;Gayo;Lokal;1000
Kopi Robusta Aceh Gayo - Roasted Bean - 1 KG - WHOLE BEAN;104500;0;104500;Medan;Hatana Coffee;4.9;500+;500;Robusta;Other;Gayo;Lokal;1000
Kopi Arabika Ethiopia Yirgacheffe 200 gram Specialty Coffee Biji Kopi;158000;0;158000;Bandung;Fugol Coffee;5.0;500+;500;Arabika;Other;Yirgacheffe;Internasional;200
Kopi [Biji/Bubuk] Arabika Aceh Gayo WINE Kualitas Mantap;78750;0;78750;Jakarta Barat;WATERGROUND COFFEE;4.8;100+;100;Arabika;Wine;Gayo;Lokal;Other
Kopi arabika Drip bag coffee 10 gr - ( pilih 3 origin );28000;0;28000;Bandung;Fugol Coffee;5.0;1 rb+;1000;Arabika;Other;Other;Other;Other
TANAMERA COFFEE - Espresso Blend / Kopi Arabika 250 Gram 3 Varian;133285;5;140300;Jakarta Selatan;H Mart Official Shop;4.8;100+;100;Blend;Other;Blend;Other;250
KOPI ARABIKA MALABAR 200gr FULL WASHED (BIJI / BUBUK) - FUGOL COFFEE;73000;0;73000;Bandung;Fugol Coffee;5.0;750+;750;Arabika;Wash;Malabar;Lokal;200
Kopi Cap Bis Kota (ARABIKA) 250 Gr;55500;0;55500;Jakarta Timur;Toko Acong 12;4.9;1 rb+;1000;Arabika;Other;Other;Other;250
Kopi Arabika Tanamera Coffee Espresso Blend 250 Gr;150100;5;158000;Tangerang Selatan;Tanamera Coffee;5.0;7 rb+;7000;Blend;Other;Blend;Other;250
ARUTALA Kopi Flores Bajawa Arabika Arabica Coffee 500 Gram;150999;22;193750;Tangerang;Arutala Online Co.;4.9;750+;750;Arabika;Other;Flores;Lokal;500
Kopi Arabika Tanamera Coffee Espresso Blend 1 Kg;396000;0;396000;Tangerang Selatan;Tanamera Coffee;5.0;3 rb+;3000;Blend;Other;Blend;Other;1000
Kopi Arabika Tanamera Coffee Premium Blend;180000;0;180000;Tangerang Selatan;Tanamera Coffee;5.0;3 rb+;3000;Blend;Other;Blend;Other;Other
Kopi Arabika Sulawesi: Toraja Sapan;156750;5;165000;Tangerang Selatan;Tanamera Coffee;5.0;750+;750;Arabika;Other;Toraja;Lokal;Other
Kopi Arabika Tanamera Coffee Espresso Blend 100Gr;81900;10;91000;Tangerang Selatan;Tanamera Coffee;5.0;1 rb+;1000;Blend;Other;Blend;Other;100
Kopi Aroma Mocca Arabika Bandung;50000;0;50000;Kab. Bandung Barat;Mama Chiara Shop;4.9;10 rb+;10000;Arabika;Other;Other;Other;Other
Kopi Arabika/Robusta Toraja Blend (Bubuk/Biji) 250GR;65000;0;65000;Makassar;Malotong Toraja Coffee;4.9;1 rb+;1000;Blend;Other;Blend;Other;250
KOPI ARABIKA - KOPI GUNUNG HALU 200GR BIJI / KOPI BUBUK | Kopi Arabica;59500;0;59500;Kab. Bandung;Amesco Coffee;4.9;80+;80;Arabika;Other;Halu;Lokal;200
Kopi Arabika Yirgacheffe Ethiopia 100 Gr - Bean/Biji & Ground/Bubuk - Bean - Biji;46500;0;46500;Tangerang;Caffeine Dope;5.0;90+;90;Arabika;Other;Yirgacheffe;Internasional;100
KOPI ARABIKA MALABAR 500gr FULL WASHED (BIJI / BUBUK) - FUGOL COFFEE;138000;0;138000;Bandung;Fugol Coffee;4.9;100+;100;Arabika;Wash;Malabar;Lokal;500
Kopi Arabika Halu 200 Gr Single Origin Bean/Biji & Ground/Bubuk - Bean - Biji;56500;0;56500;Tangerang;Caffeine Dope;4.9;100+;100;Arabika;Other;Halu;Lokal;200
Kopi Aroma Moka Arabika Arabica 500 gr Bandung Halus Medium Kasar Biji;95800;0;95800;Bandung;Faiz Abdul online shop;5.0;1 rb+;1000;Arabika;Other;Halu;Lokal;500
Kopi AROMA Bandung - Moka Arabika - Koffie Fabriek - 500Gr;88500;0;88500;Bandung;Limz;5.0;250+;250;Arabika;Other;Other;Other;500
Kopi Arabika Sulawesi: Toraja Sapan 100gr;89100;10;99000;Tangerang Selatan;Tanamera Coffee;5.0;250+;250;Arabika;Other;Toraja;Lokal;100
Kopi Mokka Arabika Koffie Fabriek Aroma Bandoeng 250 gram;47000;0;47000;Cimahi;Kuliner Khas Jabar;5.0;100+;100;Arabika;Other;Other;Other;250
Kopi Arabika Tanamera Coffee Sumatera: Mandailing Washed 250g;180000;0;180000;Tangerang Selatan;Tanamera Coffee;5.0;3 rb+;3000;Arabika;Wash;Mandailing;Lokal;Other
Kopi Arabika Puntang 500 Gr Single Origin Bean/Biji & Ground/Bubuk;115500;0;115500;Tangerang;Caffeine Dope;5.0;500+;500;Arabika;Other;Puntang;Lokal;500
Kopi Arabika Tanamera Coffee Premium Blend 1Kg;463000;0;463000;Tangerang Selatan;Tanamera Coffee;5.0;750+;750;Blend;Other;Blend;Other;1000
KOPI AROMA MOKA ARABIKA 250gr;47000;0;47000;Bandung;Pojok Baraya Kadal;5.0;1 rb+;1000;Arabika;Other;Other;Other;250
KOPI TUBRUK ARABIKA BY TANAMERA COFFEE;39900;5;42000;Tangerang Selatan;Tanamera Coffee;5.0;6 rb+;6000;Arabika;Other;Other;Other;Other
Kopi Arabika Aceh Gayo 200 gram Othello Coffee Single Origin - Powder Kasar;60000;0;60000;Bandung;Arghani Official Shop;5.0;40+;40;Arabika;Other;Gayo;Lokal;200
Kopi Arabika Mandailing 1 Kg Single Origin Bean/Biji & Ground/Bubuk - Bean - Biji;213000;0;213000;Tangerang;Caffeine Dope;4.9;90+;90;Arabika;Other;Mandailing;Lokal;1000
Kopi Arabika Watermelon Smash! 100 gram Natural ( Biji / Bubuk ) - Biji;68000;0;68000;Bandung;Fugol Coffee;5.0;750+;750;Arabika;Natural;Other;Other;100
Kopi Arabika Aceh Gayo 500 Gr Single Origin Bean/Biji & Ground/Bubuk - Coarse - Kasar;115500;0;115500;Tangerang;Caffeine Dope;5.0;500+;500;Arabika;Other;Gayo;Lokal;500
Drip Bag Coffee Arabica Gayo Wine Kopi Arabika Asli Murni Siap Seduh;10900;64;29900;Bekasi;Second Step Coffee;5.0;13;13;Arabika;Wine;Gayo;Lokal;Other
Kopi Arabika Mamasa Specialty 200 Gr;95000;0;95000;Jakarta Utara;Sambabo Coffee;4.9;500+;500;Arabika;Other;Mamasa;Lokal;200
Kenal Coffee Djawa Blend Kopi 60% Arabika 40% Robusta 250 Gr;41800;5;44000;Jakarta Pusat;Langgeng Makmur Kencana;5.0;100+;100;Blend;Other;Blend;Other;250
Kopi Aroma Mocca Arabika Bandung;45888;0;45888;Bandung;MELLY Boutique Online;4.9;6 rb+;6000;Arabika;Other;Other;Other;Other
Kopi Arabika Flores Bajawa Commercial Grade 1 kg;140000;0;140000;Jakarta Selatan;Indah Utama;5.0;60+;60;Arabika;Other;Flores;Lokal;1000
Kopi Arabika Tanamera Coffee Sumatera: Mandailing Washed 100g;89100;10;99000;Tangerang Selatan;Tanamera Coffee;5.0;750+;750;Arabika;Wash;Mandailing;Lokal;Other
Kopi Arabika Tanamera Coffee Bali: Kintamani Washed 250g;158000;0;158000;Kab. Badung;Tanamera Coffee;5.0;2 rb+;2000;Arabika;Wash;Bali;Lokal;Other
ARUTALA Kopi Arabika Toraja Sapan 500 Gram;150999;22;193750;Tangerang;Arutala Online Co.;5.0;1 rb+;1000;Arabika;Other;Toraja;Lokal;500
Kopi Aroma Mokka Arabika;47900;0;47900;Bandung;Faiz Abdul online shop;5.0;1 rb+;1000;Arabika;Other;Other;Other;Other
Excelso ARABIKA Gold 200 Gr - BIJI KOPI ( BEAN );50000;0;50000;Jakarta Barat;Nuzararae07;4.9;30+;30;Arabika;Other;Other;Other;200
Kopi Arabika Kintamani Lemon Candy : Honey 200gr | Biji/Bubuk;149000;0;149000;Denpasar;20mL Coffee - Twenty Milli Coffee Roastery;5.0;100+;100;Arabika;Honey;Kintamani;Lokal;200
Kopi Arabika Tanamera Coffee Sumatera: Mandailing Washed 1Kg;462000;0;462000;Tangerang Selatan;Tanamera Coffee;5.0;500+;500;Arabika;Wash;Mandailing;Lokal;1000
kopi arabika korea atomi 3in1;2100;0;2100;Jakarta Barat;TheJastipQue;5.0;2 rb+;2000;Arabika;Other;Other;Other;Other
PAK KOS (Coffee Blend) / PREMIUM ARABIKA KHUSUS KOPI SUSU;36500;0;36500;Kab. Bandung Barat;Genesis Coffee;5.0;1 rb+;1000;Blend;Other;Blend;Other;Other
kopi drip bag paket 5 pcs arabika dan blend;40000;20;50000;Bogor;Kemenady Coffee;4.9;100+;100;Blend;Other;Blend;Other;Other
Kopi Blend Arabika Robusta - Ketje Ndeso Blend 100 Gr;20000;0;20000;Bandar Lampung;EL'S COFFEE;5.0;100+;100;Blend;Other;Blend;Other;100
Kopi Arabika Aceh Gayo Commercial Grade 1 kg;140000;0;140000;Jakarta Selatan;Indah Utama;4.9;100+;100;Arabika;Other;Gayo;Lokal;1000
Kopi Aroma Javaco Bandung//Robusta/Arabika;36500;0;36500;Bandung;Faiz Abdul online shop;4.9;250+;250;Blend;Other;Java;Lokal;Other
Kenal Coffee Java Joe Blend Kopi 50% Arabika Robusta 250 Gr - Bubuk;55000;9;60500;Jakarta Pusat;Langgeng Makmur Kencana;4.8;50+;50;Blend;Other;Blend;Other;250
Kopi Arabika Sumatra: Aceh Gayo 100gr;99000;0;99000;Tangerang Selatan;Tanamera Coffee;5.0;750+;750;Arabika;Other;Gayo;Lokal;100
Kopi Arabika Tanamera Coffee Premium Blend 100gr;89100;10;99000;Tangerang Selatan;Tanamera Coffee;4.9;1 rb+;1000;Blend;Other;Blend;Other;100
Kopi Arabika Mandailing Commercial Grade 500 gr;72500;0;72500;Jakarta Selatan;Indah Utama;4.9;40+;40;Arabika;Other;Mandailing;Lokal;500
Biji Kopi Arabika Ciwidey Gulali 250gr;60000;0;60000;Tangerang Selatan;Kieta_coffee;4.9;750+;750;Arabika;Other;Ciwidey;Lokal;250
Bubuk Kopi Vietnam blend 250gr robusta arabika biji / bubuk Special;38999;5;41000;Kab. Tangerang;Kopi Om Surya;4.8;1 rb+;1000;Blend;Other;Blend;Other;250
Kopi Arabika Flores Bajawa 200gr Biji / Bubuk - Arabica Specialty;78000;0;78000;Semarang;Strada Coffee Shop;4.9;100+;100;Arabika;Other;Flores;Lokal;200
TANAMERA COFFEE - Premium Blend / Kopi Arabika 1kg;412800;17;499000;Jakarta Selatan;H Mart Official Shop;5.0;6;6;Blend;Other;Blend;Other;1000
Kopi Arabika Toraja Sapan 200 Gram - Bubuk / Biji - Arabica Coffee;58000;12;66000;Kab. Bandung;Sentra Kopi;4.9;250+;250;Arabika;Other;Toraja;Lokal;200
Kopi Arabika Gayo Wine 250 Gram;75000;0;75000;Jakarta Selatan;Indah Utama;4.9;250+;250;Arabika;Wine;Gayo;Lokal;250
Kopi Arabika Gayo Aceh,  Wine 1 Kg - Biji/Bubukâ€“San Kopi Roastery;80000;0;80000;Kab. Aceh Tengah;san coffee;5.0;5;5;Arabika;Wine;Gayo;Lokal;1000
Kopi Sachet Celup Arabika Gayo Wine Arabica Coffee Murni Tanpa Ampas;10900;45;19900;Bekasi;Sakha Coffee Roastery;5.0;90+;90;Arabika;Wine;Gayo;Lokal;Other
Drip Bag Coffee Bundling Kopi Bubuk Arabika Asli Murni Siap Seduh;14900;25;19900;Bekasi;Sakha Coffee Roastery;5.0;100+;100;Arabika;Other;Other;Other;Other
Kopi Aroma Bandung 250 Gram Mix Arabika Robusta;41000;0;41000;Bandung;Faiz Abdul online shop;5.0;1 rb+;1000;Blend;Other;Other;Other;250
Kopi Aroma Mocca Arabika Bandung 500 gr;91888;0;91888;Bandung;MELLY Boutique Online;5.0;1 rb+;1000;Arabika;Other;Other;Other;500
Giling Kasar Kopi Aroma Bandung Mokka Arabika 250 gr;39500;0;39500;Bandung;Totinmart BEC;5.0;60+;60;Arabika;Other;Other;Other;250
Kopi Arabika Garut Sukatani (Kemasan 1kg);210000;7;225000;Malang;Amstirdam Coffee;5.0;100+;100;Arabika;Other;Garut;Lokal;1000
Kopi Arabika gayo Aceh organic grind / kopi aceh / kopi gayo;65000;0;65000;Banda Aceh;Anugrah Aceh Souvenir;5.0;50+;50;Arabika;Other;Gayo;Lokal;Other
Robeans Self Drip Coffee | Kopi Tetes Arabika Robusta Flores | 13 g;9000;0;9000;Surabaya;Robeans;5.0;250+;250;Blend;Other;Flores;Lokal;Other
Biji Kopi 1kg Espresso Blend 70 Arabika / 30 Robusta;80000;0;80000;Tangerang Selatan;KIETA COFFEE GROSIR;5.0;60+;60;Blend;Other;Blend;Other;1000
Kopi Arabika Kerinci 1 Kg Single Origin - Coarse - Kasar;213000;0;213000;Tangerang;Caffeine Dope;5.0;9;9;Arabika;Other;Kerinci;Lokal;1000
Kopi Arabika KENYA KIRINYAGA 200g Specialty Coffee Beans Biji Kopi;143000;0;143000;Bandung;Fugol Coffee;4.9;100+;100;Arabika;Other;Kenya kirinyaga;Internasional;Other
Kopi Arabika Java Ijen 500 Gr Single Origin Bean/Biji & Ground/Bubuk - Bean - Biji;115500;0;115500;Tangerang;Caffeine Dope;4.9;80+;80;Arabika;Other;Ijen;Lokal;500
Kopi Arabika KENYA KIRINYAGA 1 Kg Specialty Coffee Beans Biji Kopi;462000;0;462000;Bandung;Fugol Coffee;5.0;9;9;Arabika;Other;Kenya kirinyaga;Internasional;1000
Kopi Arabika Puntang WINE Process 500 Gram - Bean - Biji;170000;0;170000;Tangerang;Caffeine Dope;5.0;30+;30;Arabika;Wine;Puntang;Lokal;500
Kopi Sachet Celup Arabika Arabica Coffee Saset Asli Murni Tanpa Ampas;9900;50;19900;Bekasi;Sakha Coffee Roastery;4.9;1 rb+;1000;Arabika;Other;Other;Other;Other
Kopi/Coffee ARABIKA PAPUA WAMENA 500gr;104000;0;104000;Jakarta Timur;Kultur Jaringan Kopi;4.9;250+;250;Arabika;Other;Papua;Lokal;500
Kopi/Coffee ARABIKA PAPUA WAMENA 250gr;58000;0;58000;Jakarta Timur;Kultur Jaringan Kopi;4.8;250+;250;Arabika;Other;Papua;Lokal;250
Kopi Arabika Luwak 100 Gr Single Origin - Biji & Bubuk - Bean - Biji;110000;0;110000;Tangerang;Caffeine Dope;5.0;50+;50;Arabika;Luwak;Other;Other;100
Kopi Arabika Flores 500 Gr Single Origin Bean/Biji & Ground/Bubuk - Bean - Biji;115500;0;115500;Tangerang;Caffeine Dope;4.8;30+;30;Arabika;Other;Flores;Lokal;500
Kopi Arabika Congo Kawa Kivu 500 Gr - Bean/Biji & Ground/Bubuk - Bean - Biji;185000;0;185000;Tangerang;Caffeine Dope;5.0;8;8;Arabika;Other;Congo;Internasional;500
Kopi Arabika Solok 500 Gr Single Origin Bean/Biji & Ground/Bubuk;115500;0;115500;Tangerang;Caffeine Dope;5.0;50+;50;Arabika;Other;Solok;Lokal;500
Biji Kopi Arabika Watermelon Smash! 500 gram Specialty Coffee - Biji;268000;0;268000;Bandung;Fugol Coffee;5.0;100+;100;Arabika;Other;Other;Other;500
KOPI ARABIKA AROMANIS 500 gr NATURAL (BIJI / BUBUK) - bubuk halus;203000;0;203000;Bandung;Zero Hour Coffee;5.0;10;10;Arabika;Natural;Halu;Lokal;500
Kopi Arabika Antigua Guatemala 200 Gr - Bean/Biji & Ground/Bubuk - Bean - Biji;88000;0;88000;Tangerang;Caffeine Dope;4.9;70+;70;Arabika;Other;Guatemala;Internasional;200
Kopi Arabika Gayo Espresso Base 200g;50000;0;50000;Kab. Bener Meriah;ZARIO COFFEE GAYO;5.0;1;1;Arabika;Other;Gayo;Lokal;Other
Kopi Arabika Import 100 Gram Single Origin - Bean/Biji & Ground/Bubuk;46000;0;46000;Tangerang;Caffeine Dope;5.0;18;18;Arabika;Other;Other;Other;100
Kopi Arabika Gayo Wine Process 250g - roastbean;75000;0;75000;Kab. Bener Meriah;ZARIO COFFEE GAYO;5.0;9;9;Arabika;Wine;Gayo;Lokal;Other
Kopi Arabika Aceh Gayo WINE Process 200 Gram - Bean - Biji;75000;0;75000;Tangerang;Caffeine Dope;4.9;100+;100;Arabika;Wine;Gayo;Lokal;200
Kopi Arabika Ijen Raung NATURAL 1 KG Single Origin Arabica Coffee - BIJI;300000;0;300000;Jakarta Barat;WATERGROUND COFFEE;5.0;5;5;Arabika;Natural;Ijen;Lokal;1000
Kopi Arabika Ijen Raung 1 KG Single Origin Arabica Coffee - BIJI;240000;0;240000;Jakarta Barat;WATERGROUND COFFEE;0.0;2;2;Arabika;Other;Ijen;Lokal;1000
Kopi Arabika Toraja Sapan 500 GRAM (Bubuk dan Biji) - Medium Roasting,  Bubuk Halus;132000;29;185000;Makassar;Malotong Toraja Coffee;4.9;1 rb+;1000;Arabika;Other;Toraja;Lokal;500
Kopi Teras - Kopi arabika 250 gram;90000;0;90000;Kab. Sleman;Klethikan_JengAyu;0.0;0;0;Arabika;Other;Other;Other;250
Kopi Arabika Da Torres Brazil 100 Gr - Bean/Biji & Ground/Bubuk - Bean - Biji;46500;0;46500;Tangerang;Caffeine Dope;4.8;60+;60;Arabika;Other;Brazil;Internasional;100
TANAMERA COFFEE - Espresso Blend / Kopi Arabika 250 Gram 3 Varian - Find Grind;133285;5;140300;Jakarta Selatan;H Mart Official Shop;4.8;100+;100;Blend;Other;Blend;Other;250
Kopi Arabika Solok 200 Gr Single Origin Bean/Biji & Ground/Bubuk - Bean - Biji;56500;0;56500;Tangerang;Caffeine Dope;5.0;29;29;Arabika;Other;Solok;Lokal;200
Kopi Arabika Preanger 1 Kg Single Origin Bean/Biji & Ground/Bubuk - Bean - Biji;213000;0;213000;Tangerang;Caffeine Dope;4.9;20;20;Arabika;Other;Preanger;Lokal;1000
KOPI ARABIKA AROMANIS 100 gr NATURAL (BIJI / BUBUK) - bubuk halus;63000;0;63000;Bandung;Zero Hour Coffee;5.0;30+;30;Arabika;Natural;Halu;Lokal;100
Kopi Arabika Montecillos Honduras 500 Gr - Bean/Biji & Ground/Bubuk - Bean - Biji;185000;0;185000;Tangerang;Caffeine Dope;5.0;8;8;Arabika;Other;Honduras;Internasional;500
KOPI ARABIKA BALI KINTAMANI 500GR - BIJI;130000;0;130000;Malang;HOUDVAN Coffee Co.;5.0;50+;50;Arabika;Other;Bali;Lokal;500
Biji Kopi Arabika Watermelon Smash! 1 KG Specialty Coffee - Biji;425000;0;425000;Bandung;Fugol Coffee;5.0;100+;100;Arabika;Other;Other;Other;1000
Kopi Arabika Mysore India 100 Gr - Bean/Biji & Ground/Bubuk - Bean - Biji;46500;0;46500;Tangerang;Caffeine Dope;5.0;19;19;Arabika;Other;India;Internasional;100
Kopi Arabika Import 200 Gram Single Origin - Bean/Biji & Ground/Bubuk;87000;0;87000;Tangerang;Caffeine Dope;0.0;9;9;Arabika;Other;Other;Other;200
Kopi Arabika Toraja Sapan (Bubuk & Biji ) 100 Gr - Medium Dark,  Bubuk Kasar;35000;13;40000;Makassar;Malotong Toraja Coffee;4.8;50+;50;Arabika;Other;Toraja;Lokal;100
Kopi Arabika Toraja 1 Kg Single Origin Bean/Biji & Ground/Bubuk - Coarse - Kasar;213000;0;213000;Tangerang;Caffeine Dope;5.0;70+;70;Arabika;Other;Toraja;Lokal;1000
KOPI ARABIKA ACEH GAYO 500GR - BIJI;130000;0;130000;Malang;HOUDVAN Coffee Co.;5.0;80+;80;Arabika;Other;Gayo;Lokal;500
Bubuk / Biji Kopi Arabica(Arabika) 150 GR Papua Wamena Kualitas Top - BIJI;55000;0;55000;Jakarta Barat;WATERGROUND COFFEE;4.8;100+;100;Arabika;Other;Papua;Lokal;150
Kopi Arabika Aceh Gayo WINE Process 500 Gram - Bean - Biji;170000;0;170000;Tangerang;Caffeine Dope;5.0;60+;60;Arabika;Wine;Gayo;Lokal;500
Kopi Arabika Ijen Raung NATURAL 250GR Single Origin Arabica Coffee - BIJI,  250 Gram;78750;0;78750;Jakarta Barat;WATERGROUND COFFEE;4.9;30+;30;Arabika;Natural;Ijen;Lokal;250
Kopi Arabika Montecillos Honduras 200 Gr - Bean/Biji & Ground/Bubuk - Bean - Biji;88000;0;88000;Tangerang;Caffeine Dope;4.9;30+;30;Arabika;Other;Honduras;Internasional;200
KOPI ARABIKA KAMOJANG 200 gr HONEY (BIJI / BUBUK) - bubuk halus;95000;0;95000;Bandung;Zero Hour Coffee;4.5;5;5;Arabika;Honey;Kamojang;Lokal;200
KOPI ARABIKA KAMOJANG 500 gr HONEY (BIJI / BUBUK) - biji kopi;198000;0;198000;Bandung;Zero Hour Coffee;5.0;4;4;Arabika;Honey;Kamojang;Lokal;500
Bubuk / Biji Kopi Arabica(Arabika) Specialty Papua Wamena Kualitas Top - BIJI;94500;0;94500;Jakarta Barat;WATERGROUND COFFEE;4.8;250+;250;Arabika;Other;Papua;Lokal;Other
KOPI ARABIKA AROMANIS 200 gr NATURAL (BIJI / BUBUK) - bubuk halus;113000;0;113000;Bandung;Zero Hour Coffee;5.0;25;25;Arabika;Natural;Halu;Lokal;200
Kopi Arabika Lintong 1 Kg Single Origin Bean/Biji & Ground/Bubuk - Bean - Biji;213000;0;213000;Tangerang;Caffeine Dope;5.0;23;23;Arabika;Other;Lintong;Lokal;1000
Kopi Arabika Kilimanjaro Tanzania 100 Gr - Bean/Biji & Ground/Bubuk - Bean - Biji;46500;0;46500;Tangerang;Caffeine Dope;4.8;50+;50;Arabika;Other;Kilimanjaro tanzania;Internasional;100
Kopi Arabika Luwak 200 Gr Single Origin - Biji & Bubuk - Bean - Biji;200000;0;200000;Tangerang;Caffeine Dope;5.0;19;19;Arabika;Luwak;Other;Other;200
Kopi Arabika Kintamani 200 Gr Single Origin Bean/Biji & Ground/Bubuk - Bean - Biji;56500;0;56500;Tangerang;Caffeine Dope;4.9;100+;100;Arabika;Other;Kintamani;Lokal;200
Kopi Arabika Java Ijen 500 Gr Single Origin Bean/Biji & Ground/Bubuk;115500;0;115500;Tangerang;Caffeine Dope;4.9;80+;80;Arabika;Other;Ijen;Lokal;500
Kopi Luwak Ternak Sidikalang Arabika 250 Gram;375000;0;375000;Jakarta Barat;Toko Kopi Sidikalang Jaya Harco;5.0;60+;60;Arabika;Luwak;Sidikalang;Lokal;250
Kopi Arabika Toraja (Biji/Bubuk) 250 GRAM - Medium Dark,  Bubuk Halus;65000;32;95000;Makassar;Malotong Toraja Coffee;4.8;1 rb+;1000;Arabika;Other;Toraja;Lokal;250
Kopi Arabika Flores Manggarai 1 KG Arabica Coffee - BIJI;240000;0;240000;Jakarta Barat;WATERGROUND COFFEE;5.0;19;19;Arabika;Other;Flores;Lokal;1000
Kopi Toraja Arabika Toraja Specialty 1AA Arabica Coffee - BIJI SANGRAI,  500gr Variety;125550;7;135000;Kab. Toraja Utara;TorayaKoffie;4.8;22;22;Arabika;Other;Toraja;Lokal;500
Kopi Arabika Peaberry / Lanang 500 Gr Single Origin - Bean - Biji;136000;0;136000;Tangerang;Caffeine Dope;5.0;30+;30;Arabika;Other;Other;Other;500
Kopi Arabika Luwak 500 Gr Single Origin - Bean/Biji & Ground/Bubuk - Bean - Biji;450000;0;450000;Tangerang;Caffeine Dope;5.0;2;2;Arabika;Luwak;Other;Other;500
Kopi Arabika Kerinci Mandarin Orange 100 gram Full Washed (Biji/Bubuk);63000;0;63000;Bandung;Fugol Coffee;5.0;100+;100;Arabika;Wash;Kerinci;Lokal;100
Kopi [Biji/Bubuk] 500gr Arabika Aceh Gayo WINE Kualitas Mantap - BIJI;150000;0;150000;Jakarta Barat;WATERGROUND COFFEE;4.8;100+;100;Arabika;Wine;Gayo;Lokal;500
Kopi Arabika Kerinci Mandarin Orange 200 gram Full Washed (Biji/Bubuk);113000;0;113000;Bandung;Fugol Coffee;5.0;250+;250;Arabika;Wash;Kerinci;Lokal;200
Drip Bag Coffee (Kopi Indonesia) - 5 Drip Bag;47500;5;50000;Jakarta Barat;Say Something Coffee;4.9;100+;100;Other;Other;Other;Other;Other
Kopi Arabika Kilimanjaro Tanzania 200 Gr - Bean/Biji & Ground/Bubuk;88000;0;88000;Tangerang;Caffeine Dope;4.9;50+;50;Arabika;Other;Kilimanjaro tanzania;Internasional;200
Kopi/Coffee ARABIKA PAPUA WAMENA 250gr - MEDIUM ROAST,  COARSE;58000;0;58000;Jakarta Timur;Kultur Jaringan Kopi;4.8;250+;250;Arabika;Other;Papua;Lokal;250
Kopi Arabika/Robusta Toraja Blend (Bubuk/Biji) 250GR - Medium Roasting,  Biji Roasting;65000;0;65000;Makassar;Malotong Toraja Coffee;4.9;1 rb+;1000;Blend;Other;Blend;Other;250
Kopi Arabika Ethiopia Yirgacheffe 1 KG Specialty Coffee Biji Kopi;502000;0;502000;Bandung;Fugol Coffee;5.0;50+;50;Arabika;Other;Yirgacheffe;Internasional;1000
Malotong Kopi Arabika Toraja 1kg Gandasil Coffee Bean Kopi Bubuk Biji - Medium Roasted,  Biji Roasted;310000;0;310000;Makassar;Malotong Toraja Coffee;4.8;250+;250;Arabika;Other;Toraja;Lokal;1000
Kopi Arabika Garut Papandayan 200 Gram Single Origin;56500;0;56500;Tangerang;Caffeine Dope;5.0;30+;30;Arabika;Other;Garut;Lokal;200
Kopi Arabika Peaberry / Lanang 1 Kg Single Origin - Bean - Biji;255000;0;255000;Tangerang;Caffeine Dope;5.0;12;12;Arabika;Other;Other;Other;1000
Kopi Arabika Wamena 200 Gr Single Origin Bean/Biji & Ground/Bubuk - Bean - Biji;64000;0;64000;Tangerang;Caffeine Dope;5.0;250+;250;Arabika;Other;Wamena;Lokal;200
KOPI ARABIKA KAMOJANG 200 gr FULL WASHED (BIJI / BUBUK);90999;0;90999;Bandung;Zero Hour Coffee;5.0;10;10;Arabika;Wash;Kamojang;Lokal;200
kopi Arabika proses natural palintang bdg Utara 200 gram by javanika - Kasar;70000;0;70000;Bandung;AbahKujangsari;4.7;8;8;Arabika;Natural;Palintang;Lokal;200
Kopi Arabika Puntang 1 Kg Single Origin Bean/Biji & Ground/Bubuk;213000;0;213000;Tangerang;Caffeine Dope;4.9;90+;90;Arabika;Other;Puntang;Lokal;1000
Malotong Kopi Arabika Toraja Sapan 1 Kg Bubuk/Biji - Medium Roasted,  Gilingan Kasar;310000;0;310000;Makassar;Malotong Toraja Coffee;5.0;29;29;Arabika;Other;Toraja;Lokal;1000
Kopi Luwak Liar Arabika Gayo 200 Gr - Bubuk / Biji - Wild Civet Coffee - BUBUK HALUS;138000;40;230000;Kab. Bandung;Sentra Kopi;5.0;40+;40;Arabika;Luwak;Gayo;Lokal;200
Kopi Toraja Blend Arabika Robusta Arabusta 500 gram;87000;13;100000;Makassar;Kopi Toraja Gandangbatu;5.0;30+;30;Blend;Other;Blend;Other;500
Kopi Arabika Yirgacheffe Ethiopia 100 Gr - Bean/Biji & Ground/Bubuk;46500;0;46500;Tangerang;Caffeine Dope;5.0;90+;90;Arabika;Other;Yirgacheffe;Internasional;100
Kopi Arabika Toraja Perindingan FW 1kg - BIJI SANGRAI;272000;20;340000;Makassar;Kopi Toraja Gandangbatu;4.8;24;24;Arabika;Other;Toraja;Lokal;1000
Kopi Arabika Congo Kawa Kivu 200 Gr - Bean/Biji & Ground/Bubuk - Bean - Biji;88000;0;88000;Tangerang;Caffeine Dope;5.0;13;13;Arabika;Other;Congo;Internasional;200
Kopi Arabika Roast Fresh Coffee Honey 1 Kg - Giling Halus;300000;0;300000;Kab. Bandung;Kopi Andu Official;5.0;3;3;Arabika;Honey;Halu;Lokal;1000
Roasted Bean Primo Blend Tuang Coffee (Arabica dan Robusta) 1kg - Biji Kopi.;132817;33;197500;Jakarta Selatan;Tuang Coffee;5.0;9 rb+;9000;Blend;Other;Flores;Lokal;1000
Roasted Bean Premium Robusta Natural Tuang Coffee 250gr - Biji Kopi.;48827;25;65000;Jakarta Selatan;Tuang Coffee;4.9;3 rb+;3000;Robusta;Natural;Flores;Lokal;250
Roasted Bean Premium Robusta Natural Tuang Coffee 1kg - Biji Kopi.;91735;17;110000;Jakarta Selatan;Tuang Coffee;5.0;10 rb+;10000;Robusta;Natural;Flores;Lokal;1000
Roasted Bean Premium Arabica Washed Tuang Coffee 1kg;192000;0;192000;Jakarta Selatan;Tuang Coffee;5.0;5 rb+;5000;Arabika;Wash;Flores;Lokal;1000
Kopi Arabika Gayo Aceh Arabica Coffee Roast Bean 200g Biji Bubuk Coffe;59999;42;103999;Bekasi;Second Step Coffee;5.0;1 rb+;1000;Arabika;Other;Gayo;Lokal;Other
Roasted Bean Primo Blend Tuang Coffee (Arabica dan Robusta) 1kg;132817;33;197500;Jakarta Selatan;Tuang Coffee;5.0;9 rb+;9000;Blend;Other;Flores;Lokal;1000
Bali Kintamani Arabica Grade 1 Biji Kopi Roasted Beans;48000;25;64032;Jakarta Barat;The Cold Crafters;4.9;3 rb+;3000;Arabika;Other;Bali;Lokal;Other
Roasted Bean Premium Robusta Natural Tuang Coffee 250gr;48827;25;65000;Jakarta Selatan;Tuang Coffee;4.9;3 rb+;3000;Robusta;Natural;Flores;Lokal;250
Roasted Bean Premium Robusta Natural Tuang Coffee 1kg;91735;17;110000;Jakarta Selatan;Tuang Coffee;5.0;10 rb+;10000;Robusta;Natural;Flores;Lokal;1000
Awi Coffee Sidikalang Arabica Premium 250gr|Biji|Roasted|Grade 1|Beans;64350;1;65000;Jakarta Utara;AWI COFFEE;4.9;1 rb+;1000;Arabika;Other;Sidikalang;Lokal;250
Biji Kopi Bubuk Arabika Bali Kintamani Arabica Coffee Roast Beans 200g;59900;57;139900;Bekasi;Sakha Coffee Roastery;4.9;4 rb+;4000;Arabika;Other;Bali;Lokal;Other
Gentlemen's Blend Espresso Arabica Biji Kopi Roasted Beans;49000;25;65366;Jakarta Barat;The Cold Crafters;4.9;3 rb+;3000;Blend;Other;Blend;Other;Other
Starbucks Espresso - Whole Bean Dark Roast 250gr Biji Kopi Coffee;125000;0;125000;Jakarta Barat;Whitesides;4.9;500+;500;Other;Other;Other;Other;250
Biji Kopi Bubuk Arabika Toraja Arabica Coffee Roast Bean Sakha 200Gram;59900;57;139900;Bekasi;Sakha Coffee Roastery;4.9;2 rb+;2000;Arabika;Other;Toraja;Lokal;200
Cold Crafters Signature Cold Brew Blend Roasted Coffee Beans;52000;25;69369;Jakarta Barat;The Cold Crafters;4.9;2 rb+;2000;Blend;Other;Blend;Other;Other
Aceh Gayo Arabica Grade 1 Biji Kopi Roasted Beans;46000;25;61364;Jakarta Barat;The Cold Crafters;4.9;4 rb+;4000;Arabika;Other;Gayo;Lokal;Other
1KG ROAST BEAN ARABICA TEMANGGUNG FULLWASH JUAL KOPI ARABIKA GROSIR - BIJI,  500gram;110000;0;110000;Magelang;Borobudur Roastery;4.9;1 rb+;1000;Arabika;Wash;Temanggung;Lokal;1000
Cold Crafters Signature Cold Brew Blend Roasted Coffee Beans - GILING KASAR,  100 gram;52000;25;69369;Jakarta Barat;The Cold Crafters;4.9;2 rb+;2000;Blend;Other;Blend;Other;100
kopi robusta temanggung 1kg / roast bean robusta 1kg;35000;0;35000;Jakarta Barat;Aik Kopi;4.5;40+;40;Robusta;Other;Temanggung;Lokal;1000
Kopi Robusta Aceh Gayo - Roasted Bean - 1 KG;104500;5;110000;Medan;Hatana Coffee;4.9;500+;500;Robusta;Other;Gayo;Lokal;1000
Kopi Biji Sangrai / Roast Bean Robusta Lanang (250gr) - Halus Serbuk;31000;0;31000;Palembang;KOPI PIKO;5.0;250+;250;Robusta;Other;Halu;Lokal;250
Starbucks Sumatra - Whole Bean Dark Roast 250gr Biji Kopi Coffee Grind;125000;0;125000;Jakarta Barat;Whitesides;4.9;80+;80;Other;Other;Sumatra;Lokal;250
Roasted Bean Premium Arabica Washed Tuang Coffee 250gr;58827;38;95000;Jakarta Selatan;Tuang Coffee;4.9;5 rb+;5000;Arabika;Wash;Flores;Lokal;250
Starbucks Italian Roast - Whole Bean Dark Roast 250gr Biji Kopi Coffee;125000;0;125000;Jakarta Barat;Whitesides;4.9;250+;250;Other;Other;Other;Other;250
1KG ROAST BEAN ROBUSTA TEMANGGUNG JUAL BIJI KOPI HARGA GROSIR;70000;0;70000;Magelang;Borobudur Roastery;4.9;7 rb+;7000;Robusta;Other;Temanggung;Lokal;1000
Kopi Arabika Kerinci Honey Arabica Specialty Coffee Roast Beans 200gr;79900;38;129900;Bekasi;Sakha Coffee Roastery;5.0;250+;250;Arabika;Honey;Kerinci;Lokal;200
Arabika Blue Ijen 200 gr Roast Bean Coffee - Kopi biji matang;79900;6;85000;Depok;TADI PAGI ROASTERY;4.9;250+;250;Arabika;Other;Ijen;Lokal;200
Kopi Robusta Flores Bajawa Coffee Bean Espresso Roast Beans Biji Bubuk;29900;40;49900;Bekasi;Sakha Coffee Roastery;5.0;250+;250;Robusta;Other;Flores;Lokal;Other
Toraja Sapan Arabica Grade 1 Biji Kopi Roasted Beans;46000;25;61364;Jakarta Barat;The Cold Crafters;4.9;2 rb+;2000;Arabika;Other;Toraja;Lokal;Other
Robusta Dampit Biji Kopi Roasted Beans;38000;25;50692;Jakarta Barat;The Cold Crafters;4.9;1 rb+;1000;Robusta;Other;Dampit;Lokal;Other
Starbucks Coffee Whole Bean 250 gram Espresso Roast;118000;0;118000;Jakarta Barat;Toko Starbucks lover;5.0;750+;750;Other;Other;Other;Other;250
Kopi Arabika Peaberry Gayo - Roasted Bean - 500g;123500;5;130000;Medan;Hatana Coffee;5.0;50+;50;Arabika;Other;Gayo;Lokal;Other
Biji kopi robusta lanang Sumsel 1kg sangrai / roasted beans kopi Piko - Biji Kopi;120000;0;120000;Palembang;KOPI PIKO;5.0;250+;250;Robusta;Other;Sumsel;Lokal;1000
Roasted Bean Primo Blend Tuang Coffee (Arabica dan Robusta) 250gr;52735;30;75000;Jakarta Selatan;Tuang Coffee;5.0;3 rb+;3000;Blend;Other;Flores;Lokal;250
Kopi Arabika Peaberry Gayo - Roasted Bean - 200g - WHOLE BEAN;55000;8;60000;Medan;Hatana Coffee;4.9;60+;60;Arabika;Other;Gayo;Lokal;Other
Single Origin Arabica Fullwash Espresso 1kg (Coffee Roasted Beans);180000;0;180000;Bandung;Flood Coffee Roastery;5.0;250+;250;Arabika;Wash;Other;Other;1000
Kopi Arabika Semendo Arabica Coffee Beans 200gr Roast Bean Biji Bubuk;59900;45;109900;Bekasi;Sakha Coffee Roastery;5.0;1 rb+;1000;Arabika;Other;Semendo;Lokal;200
Biji Kopi PAPUA (200gr) - FIRST CRACK Specialty Coffee Beans Roasted;200000;0;200000;Jakarta Utara;First Crack Coffee;4.9;250+;250;Other;Other;Papua;Lokal;200
Sakicha Purple Grape (200 gr) roasted beans specialty coffee biji kopi;90000;0;90000;Kab. Sleman;Space Roastery;4.9;250+;250;Other;Other;Sakicha;Internasional;200
Kopi Luwak Liar Arabika Gayo Aceh Arabica Coffee Roast Beans 100 Gram;89900;50;179900;Bekasi;Sakha Coffee Roastery;4.9;500+;500;Arabika;Luwak;Gayo;Lokal;100
Coffee Illy Medium Roast Beans Espresso 250 gram Biji Kopi Roasted;202000;4;210000;Jakarta Barat;Tomica2605;5.0;750+;750;Other;Other;Other;Other;250
1KG ROAST BEAN ROBUSTA Untuk KOPI SUSU HARGA GROSIR MURAH;78000;0;78000;Surabaya;Coffee Hub Roastery;4.9;1 rb+;1000;Robusta;Other;Other;Other;1000
Kopi Robusta Bali Kintamani Coffee Espresso Roasted Beans Biji Bubuk;29900;40;49900;Bekasi;Sakha Coffee Roastery;5.0;250+;250;Robusta;Other;Bali;Lokal;Other
Sumatera Lintong Arabica Grade 1 Biji Kopi Roasted Beans;46000;25;61364;Jakarta Barat;The Cold Crafters;4.9;1 rb+;1000;Arabika;Other;Lintong;Lokal;Other
Arabika Papua Wamena 200 gr Roast Bean Coffee - Kopi biji matang;89900;5;95000;Depok;TADI PAGI ROASTERY;4.9;500+;500;Arabika;Other;Papua;Lokal;200
Biji Kopi Bubuk Arabika Gayo Aceh Sumatera Arabica Coffee Roast Bean;42999;52;89900;Jakarta Barat;toko kopi kurawa;4.9;2 rb+;2000;Arabika;Other;Gayo;Lokal;Other
Kopi Arabika Papua Wamena Arabica Coffee Roasted Beans Biji Bubuk 200g;54999;52;114900;Jakarta Barat;toko kopi kurawa;4.9;2 rb+;2000;Arabika;Other;Papua;Lokal;Other
Kopi Susu Blend Arabica 20% Robusta 80% Roasted Coffee Beans Biji;34000;25;45356;Jakarta Barat;The Cold Crafters;4.9;2 rb+;2000;Blend;Other;Blend;Other;Other
Biji Kopi Bubuk Robusta Toraja Coffee Roast Beans Sakha Roastery 500Gr;74900;32;109900;Bekasi;Sakha Coffee Roastery;5.0;750+;750;Robusta;Other;Toraja;Lokal;500
Kopi Arabika Papandayan Arabica Coffee Roast Beans 200gr Biji Bubuk;59900;54;129900;Bekasi;Sakha Coffee Roastery;5.0;1 rb+;1000;Arabika;Other;Papandayan;Lokal;200
Opal Coffee - Gayo Arabica Roasted Beans 250g;69000;13;79350;Jakarta Pusat;Opal Coffee Official Store;5.0;750+;750;Arabika;Other;Gayo;Lokal;Other
Biji Kopi Susu Blend Custom Arabica Robusta Roasted Coffee Beans 1 Kg;110000;4;115000;Jakarta Utara;VOTRRO Coffee;5.0;1 rb+;1000;Blend;Other;Blend;Other;1000
KOPI ARABIKA CIWIDEY LEMON BLACK BERRY ROASTED BEAN CIWIDEY - 250 GRAM;51000;0;51000;Jakarta Selatan;Toko Biji Kopi;4.9;250+;250;Arabika;Other;Ciwidey;Lokal;250
Machoffee Blend (200 gr) roasted beans specialty coffee biji kopi;95000;0;95000;Kab. Sleman;Space Roastery;5.0;1 rb+;1000;Blend;Other;Blend;Other;200
1KG ROAST BEAN ARABICA TEMANGGUNG FULLWASH JUAL KOPI ARABIKA GROSIR;110000;0;110000;Magelang;Borobudur Roastery;4.9;1 rb+;1000;Arabika;Wash;Temanggung;Lokal;1000
Biji Kopi Bubuk Robusta Flores Coffee Roast Beans Sakha Roastery 250Gr;39900;33;59900;Bekasi;Sakha Coffee Roastery;5.0;1 rb+;1000;Robusta;Other;Flores;Lokal;250
Starbucks Cafe Verona - Whole Bean Dark Roast 250gr Biji Kopi Coffee;125000;0;125000;Jakarta Barat;Whitesides;4.9;100+;100;Other;Other;Other;Other;250
Kopi Robusta Sidikalang - Roasted Bean - 1 KG;104500;5;110000;Medan;Hatana Coffee;5.0;1 rb+;1000;Robusta;Other;Sidikalang;Lokal;1000
Kopi Robusta Toraja Mamasa Sulawesi Coffee Bean Espresso Roasted Beans;29900;40;49900;Bekasi;Sakha Coffee Roastery;5.0;250+;250;Robusta;Other;Toraja;Lokal;Other
Originutt Blend (200 gr) roasted beans specialty coffee biji kopi;100000;0;100000;Kab. Sleman;Space Roastery;5.0;750+;750;Blend;Other;Blend;Other;200
Kopi Arabika Gayo Wine Arabica Specialty Coffee Roast Beans 100 Gram;49900;33;74900;Bekasi;Sakha Coffee Roastery;5.0;750+;750;Arabika;Wine;Gayo;Lokal;100
Robusta Roasted Bean / Biji Kopi 1 kg for Business - Pupuan Bali;100000;0;100000;Kab. Badung;Minumologi;4.9;500+;500;Robusta;Other;Bali;Lokal;1000
Whole Bean Dark Roast 250gr Starbucks Brew Me Coffee Grind;125000;0;125000;Jakarta Barat;Whitesides;5.0;500+;500;Other;Other;Other;Other;250
Kopi Luwak High Class Dark Roast Bean 200gr Twin Pack;139600;8;152000;Jakarta;Kopi Luwak Official;4.8;250+;250;Other;Luwak;Other;Other;200
Sakicha Red Strawberry 200 gr roasted beans specialty coffee biji kopi;90000;0;90000;Kab. Sleman;Space Roastery;5.0;250+;250;Other;Other;Sakicha;Internasional;200
Kopi Arabika GAYO ACEH - Biji / Black Bean / Caramel Roast Bean;83900;0;83900;Medan;pauziah;5.0;500+;500;Arabika;Other;Gayo;Lokal;Other
Kopi Robusta Gayo Aceh Sumatra Coffee Beans Espresso Roast Biji Bubuk;29900;46;54900;Bekasi;Sakha Coffee Roastery;5.0;250+;250;Robusta;Other;Gayo;Lokal;Other
Kopi Arabica Sigarar Utang Filter Roasted Beans Manual Brew 200gr;85500;5;90000;Bandung;Wheels Coffee Roasters;4.9;100+;100;Arabika;Other;Other;Other;200
Arabika Garut Papandayan 200 gr Roast Bean Coffee - Kopi biji matang;79900;3;82000;Depok;TADI PAGI ROASTERY;4.9;500+;500;Arabika;Other;Garut;Lokal;200
Biji Kopi Bubuk Fine Robusta Gayo Aceh Sumatra Coffee Roast Bean 250Gr;45999;23;59900;Bekasi;Sakha Coffee Roastery;5.0;1 rb+;1000;Robusta;Other;Gayo;Lokal;250
Opal Coffee - Flores Robusta Roasted Beans 250g;42000;17;50400;Jakarta Pusat;Opal Coffee Official Store;4.9;250+;250;Robusta;Other;Flores;Lokal;Other
KOPI ARABIKA BALI KINTAMANI 250g ROASTED BEAN SANGRAI - BIJI-BUBUK;72000;10;80000;Kab. Badung;INDISCHE COFFEE OFFICIAL;5.0;500+;500;Arabika;Other;Bali;Lokal;Other
Kopi Arabika Gayo Aceh Arabica Coffee Roast Bean 100g Biji Bubuk Coffe;44900;29;62999;Bekasi;Second Step Coffee;4.9;1 rb+;1000;Arabika;Other;Gayo;Lokal;Other
Relaxing Latimojong 200g | roasted beans specialty coffee biji kopi;140000;0;140000;Jakarta Barat;Gustavo Coffee Roastery;5.0;40+;40;Other;Other;Latimojong;Lokal;Other
Opal Coffee - Gayo Arabica Roasted Beans 250g - Reguler,  Whole Beans;69000;13;79350;Jakarta Pusat;Opal Coffee Official Store;5.0;750+;750;Arabika;Other;Gayo;Lokal;Other
Roasted Bean Dia Blend Tuang Coffee (Full Arabica) 1kg - Biji Kopi;208000;10;230000;Jakarta Selatan;Tuang Coffee;5.0;750+;750;Blend;Other;Flores;Lokal;1000
Roasted Bean Premium Arabica Washed Tuang Coffee 1kg - Biji Kopi;192000;0;192000;Jakarta Selatan;Tuang Coffee;5.0;5 rb+;5000;Arabika;Wash;Flores;Lokal;1000
Roasted Bean Premium Arabica Washed Tuang Coffee 250gr - Biji Kopi.;58827;38;95000;Jakarta Selatan;Tuang Coffee;4.9;5 rb+;5000;Arabika;Wash;Flores;Lokal;250
Biji Kopi Aceh Gayo Arabika ROASTED BEANS 500G;104500;5;110000;Kab. Aceh Tengah;Toko Kopi Gayo;5.0;100+;100;Arabika;Other;Gayo;Lokal;Other
Biji Kopi Arabika Papandayan Hybrid Filter Roast - Constant Beans - Whole Beans;115000;0;115000;Jakarta Selatan;Constant Beans;5.0;8;8;Arabika;Other;Papandayan;Lokal;Other
Colombia El Diviso Geisha (Filter Roast) - Specialty Coffee Bean;192000;20;240000;Jakarta Barat;angan coffee co.;5.0;5;5;Other;Other;Colombia el diviso;Internasional;Other
"Biji/Bubuk Kopi Temanggung Fine Bean 100 gram ""Italian Roast"" - Biji";19500;0;19500;Tangerang;marisruput;5.0;8;8;Other;Other;Temanggung;Lokal;100
Roasted Bean Dia Blend Tuang Coffee (Full Arabica) 1kg;208000;10;230000;Jakarta Selatan;Tuang Coffee;5.0;750+;750;Blend;Other;Flores;Lokal;1000
Kopi Starbucks Whole Bean Espresso Dark Roast Coffee Sachet Bag 250 gr;149000;25;199000;Tangerang Selatan;Joy Living Store;5.0;1;1;Other;Other;Other;Other;250
Roasted Bean Primo Blend Tuang Coffee (Arabica dan Robusta) 1kg - Biji Kopi.;132817;33;197500;Jakarta Selatan;Tuang Coffee;5.0;9 rb+;9000;Blend;Other;Flores;Lokal;1000
Kopi Biji Sangrai / Roast Bean Robusta Lanang (250gr);31000;0;31000;Palembang;KOPI PIKO;5.0;250+;250;Robusta;Other;Other;Other;250
Kopi Arabika Lanang Peaberry Arabica Gayo Aceh Coffee Roast Bean 200gr;76900;62;203900;Bekasi;Sakha Coffee Roastery;5.0;250+;250;Arabika;Other;Gayo;Lokal;200
Kopi Luwak High Class Medium Roast Bean 200gr;76000;0;76000;Jakarta;Kopi Luwak Official;4.8;250+;250;Other;Luwak;Other;Other;200
Kopi Arabika Peaberry Gayo - Roasted Bean - 200g;55000;8;60000;Medan;Hatana Coffee;4.9;60+;60;Arabika;Other;Gayo;Lokal;Other
Roasted Bean Premium Robusta Natural Tuang Coffee 1kg - Biji Kopi.;91735;17;110000;Jakarta Selatan;Tuang Coffee;5.0;10 rb+;10000;Robusta;Natural;Flores;Lokal;1000
Kopi Arabika Papandayan Arabica Coffee Roast Beans 500gr Biji Bubuk;149900;33;224900;Bekasi;Sakha Coffee Roastery;4.9;100+;100;Arabika;Other;Papandayan;Lokal;500
"Biji/Bubuk Kopi Temanggung Fine Bean 100 gram ""Italian Roast""";19500;0;19500;Tangerang;marisruput;5.0;8;8;Other;Other;Temanggung;Lokal;100
Arabica Aceh Gayo Takengon Grade 1 / Roasted Bean / Biji Kopi 500 GRAM;99990;0;99990;Sukabumi;Tea LABS;5.0;14;14;Arabika;Other;Gayo;Lokal;500
Biji Kopi Aceh Gayo Robusta (ROASTED BEANS);114000;5;120000;Kab. Aceh Tengah;Toko Kopi Gayo;4.9;100+;100;Robusta;Other;Gayo;Lokal;Other
Kopi Arabika Aceh Gayo - Roasted Bean - 200 Gram;46000;8;50000;Medan;Hatana Coffee;5.0;250+;250;Arabika;Other;Gayo;Lokal;200
Biji kopi robusta lanang Sumsel 1kg sangrai / roasted beans kopi Piko;120000;0;120000;Palembang;KOPI PIKO;5.0;250+;250;Robusta;Other;Sumsel;Lokal;1000
Kopi Gayo Premium Blend 1 KG / Arabika & Robusta / Biji & Bubuk - Roasted Bean;170000;0;170000;Medan;Morfosa Coffee;5.0;16;16;Blend;Other;Gayo;Lokal;1000
ROBUSTA JAVA IJEN RAUNG (BIJI KOPI PREMIUM) - 200 gram / Roasted Beans;34000;0;34000;Kab. Gresik;Kopinitas;5.0;21;21;Robusta;Other;Ijen;Lokal;200
Opal Coffee - Longberry Arabica Roasted Beans 250g - Reguler,  Whole Medium;88000;13;101200;Jakarta Pusat;Opal Coffee Official Store;4.9;250+;250;Arabika;Other;Other;Other;Other
Kopi Luwak High Class Dark Roast Bean 200gr Twin Pack;139600;8;152000;Jakarta;Kopi Luwak Official;4.8;250+;250;Other;Luwak;Other;Other;200
Kopi Luwak High Class Medium Roast Bean 200gr Twin Pack;139600;8;152000;Jakarta;Kopi Luwak Official;4.9;250+;250;Other;Luwak;Other;Other;200
1 KG KOPI ARABICA TEMANGGUNG NATURAL ROAST BEAN JUAL ARABIKA GROSIR - BIJI,  1KG;205000;0;205000;Magelang;Borobudur Roastery;4.9;750+;750;Arabika;Natural;Temanggung;Lokal;1000
Kopi Robusta Lampung - Roasted Bean - 500 Gram;61750;5;65000;Medan;Hatana Coffee;4.8;40+;40;Robusta;Other;Lampung;Lokal;500
Kopi Arabica Sigarar Utang Filter Roasted Beans Manual Brew 200gr;90000;0;90000;Bandung;Wheels Coffee Roasters;4.9;100+;100;Arabika;Other;Other;Other;200
Kopi Arabika Toraja Sapan Arabica Coffee Roasted Beans Biji Bubuk 200g;54900;52;114900;Jakarta Barat;toko kopi kurawa;5.0;2 rb+;2000;Arabika;Other;Toraja;Lokal;Other
Opal Coffee - Longberry Arabica Roasted Beans 250g;88000;13;101200;Jakarta Pusat;Opal Coffee Official Store;4.9;250+;250;Arabika;Other;Other;Other;Other
PAPUA ARABICA DARK ROASTED COFFEE BEANS 200 GR;58000;0;58000;Jakarta Selatan;Sumatra Highlands;4.9;100+;100;Arabika;Other;Papua;Lokal;200
Biji Kopi Arabika Papandayan Hybrid Filter Roast - Constant Beans;115000;0;115000;Jakarta Selatan;Constant Beans;5.0;8;8;Arabika;Other;Papandayan;Lokal;Other
Kopi Luwak High Class Dark Roast Bean 200gr Twin Pack;136800;10;152000;Jakarta;Kopi Luwak Official;4.8;250+;250;Other;Luwak;Other;Other;200
Kopi Arabica Gayo Wine aceh biji bubuk origin roast Coffee - 200gr - 100 gram,  bean/ biji;49400;24;65000;Tangerang Selatan;Semekar;5.0;1 rb+;1000;Arabika;Wine;Gayo;Lokal;200
KOPI BIJI PAPUA ARABICA DARK ROASTED COFFEE BEANS 1000 GR;275000;0;275000;Jakarta Selatan;Sumatra Highlands;4.9;70+;70;Arabika;Other;Papua;Lokal;Other
Kona Coffee Hawaii 100% Peaberry Medium Roast Coffee Bean 8oz 226g;750000;40;1250000;Kab. Tangerang;WIGHOSHOP;5.0;5;5;Other;Other;Hawaii;Internasional;Other
Kopi Java Blend 200 Gram (Blend Kopi Susu Arabica-Robusta) - Whole Beans;58500;10;65000;Jakarta Barat;Say Something Coffee;5.0;80+;80;Blend;Other;Blend;Other;200
Kopi Java Blend 1 Kg (Blend Kopi Susu Arabica-Robusta) - Whole Beans;161500;5;170000;Jakarta Barat;Say Something Coffee;5.0;80+;80;Blend;Other;Blend;Other;1000
Kopi Jawa Temanggung 200 Gram (Biji Kopi Robusta - Espresso) - Whole Beans;31500;10;35000;Jakarta Barat;Say Something Coffee;5.0;100+;100;Robusta;Other;Temanggung;Lokal;200
Kopi Monokrom 200 Gram (Biji Kopi Espresso Blend Full Arabica) - Whole Beans;99000;10;110000;Jakarta Barat;Say Something Coffee;5.0;50+;50;Blend;Other;Blend;Other;200
Kopi Jawa Temanggung 200 Gram (Biji Kopi Robusta - Espresso);31500;10;35000;Jakarta Barat;Say Something Coffee;5.0;100+;100;Robusta;Other;Temanggung;Lokal;200
Arabika Roasted bean / biji kopi 1 kg for Business - Kintamani Bali;210000;0;210000;Kab. Badung;Minumologi;5.0;1 rb+;1000;Arabika;Other;Kintamani;Lokal;1000
Biji Kopi Bubuk Arabika Flores Bajawa Arabica Coffee Omni Roast Beans - 100 gram,  Biji Kopi;42999;52;89900;Jakarta Barat;toko kopi kurawa;5.0;1 rb+;1000;Arabika;Other;Flores;Lokal;100
Kopi Robusta Toraja Kalosi Sulawesi Coffee Roast Bean Biji Bubuk 250gr - Biji Kopi;39900;56;91500;Jakarta Barat;toko kopi kurawa;5.0;250+;250;Robusta;Other;Toraja;Lokal;250
Kopi Java Blend 200 Gram (Blend Kopi Susu Arabica-Robusta);58500;10;65000;Jakarta Barat;Say Something Coffee;5.0;80+;80;Blend;Other;Blend;Other;200
Kopi Arabika Toraja Sapan Arabica Coffee Roasted Beans Biji Bubuk 200g - Bubuk Kasar;54900;52;114900;Jakarta Barat;toko kopi kurawa;5.0;2 rb+;2000;Arabika;Other;Toraja;Lokal;Other
Biji Kopi Bubuk Arabika Gayo Aceh Sumatera Arabica Coffee Roast Bean - 100 gram,  Bubuk Sedang;42999;52;89900;Jakarta Barat;toko kopi kurawa;4.9;2 rb+;2000;Arabika;Other;Gayo;Lokal;100
Kopi Java Blend 1 Kg (Blend Kopi Susu Arabica-Robusta);161500;5;170000;Jakarta Barat;Say Something Coffee;5.0;80+;80;Blend;Other;Blend;Other;1000
Kopi Monokrom 200 Gram (Biji Kopi Espresso Blend Full Arabica);99000;10;110000;Jakarta Barat;Say Something Coffee;5.0;50+;50;Blend;Other;Blend;Other;200
Biji kopi House Blend SEA ALMAZ 1 kg Roasted Coffee Bean Espresso - 30A 70R,  Biji Kopi;102000;7;110000;Kab. Bantul;Kopi Simbah;5.0;250+;250;Blend;Other;Blend;Other;1000
ARUTALA Kopi Lampung Robusta Coffee 500 Gram - Giling Halus;71999;22;92600;Tangerang;Arutala Online Co.;5.0;1 rb+;1000;Robusta;Other;Lampung;Lokal;500
ARUTALA Kopi Flores Robusta Coffee 250 gram - Giling Halus;36999;20;46300;Tangerang;Arutala Online Co.;4.9;5 rb+;5000;Robusta;Other;Flores;Lokal;250
ARUTALA Kopi Flores Robusta Coffee 500 gram - Biji;71999;22;92600;Tangerang;Arutala Online Co.;5.0;1 rb+;1000;Robusta;Other;Flores;Lokal;500
Kopi Robusta Dampit Natural 1kg (biji/bubuk);75000;0;75000;Kab. Malang;filosofi cafe;5.0;4 rb+;4000;Robusta;Natural;Dampit;Lokal;1000
1KG ROAST BEAN ROBUSTA TEMANGGUNG JUAL BIJI KOPI HARGA GROSIR - GRADE 1-BIJI,  1KG;70000;0;70000;Magelang;Borobudur Roastery;4.9;7 rb+;7000;Robusta;Other;Temanggung;Lokal;1000
WoCA Kopi Bali Robusta Lanang Peaberry 150 gram - Bean;17999;50;36000;Tangerang;WoCA Indonesia;4.9;1 rb+;1000;Robusta;Other;Bali;Lokal;150
Drip Bag Coffee (Kopi Indonesia) - 5 Drip Bag;50000;0;50000;Jakarta Barat;Say Something Coffee;4.9;100+;100;Other;Other;Other;Other;Other
Kopi bubuk robusta 100% | 500gr;25000;0;25000;Surabaya;Fana Company;4.8;2 rb+;2000;Robusta;Other;Other;Other;500
Kopi Robusta Sidikalang Asli Coffee Bean Espresso 500 Gram Biji Bubuk;74900;38;119900;Bekasi;Sakha Coffee Roastery;5.0;1 rb+;1000;Robusta;Other;Sidikalang;Lokal;500
Kopi Cap Bis Kota (ROBUSTA) 250 Gr;22300;0;22300;Jakarta Timur;Toko Acong 12;4.9;7 rb+;7000;Robusta;Other;Other;Other;250
Kopi bubuk Robusta cap gentong kopi asli lampung murni 100%;14500;0;14500;Bandar Lampung;chipep;4.9;8 rb+;8000;Robusta;Other;Lampung;Lokal;Other
KOPI BUBUK ROBUSTA 1 KG - EKONOMIS, HARUM NIKMAT, PACKING RAPIH;35000;0;35000;Jakarta Barat;Dua 8 Store;4.9;1 rb+;1000;Robusta;Other;Other;Other;1000
ARUTALA Kopi Toraja Rantebua Robusta Coffee Indonesia 250 gr;36999;20;46300;Tangerang;Arutala Online Co.;4.9;10 rb+;10000;Robusta;Other;Toraja;Lokal;250
Robusta Dampit Malang - Biji Kopi;65000;7;70000;Malang;Senja Mataram;4.9;2 rb+;2000;Robusta;Other;Dampit;Lokal;Other
Kopi Bubuk Lampung 1 Kg ~ Black Coffee Robusta Lampung;50000;0;50000;Bandar Lampung;Black Coffee Lampung;5.0;100+;100;Robusta;Other;Lampung;Lokal;1000
Kopi Bubuk Robusta Dampit Malang;65000;7;70000;Malang;Senja Mataram;4.9;1 rb+;1000;Robusta;Other;Dampit;Lokal;Other
ARUTALA Kopi Robusta Temanggung Wine 200 gram;50999;20;63800;Tangerang;Arutala Online Co.;4.9;1 rb+;1000;Robusta;Wine;Temanggung;Lokal;200
Kopi Luwak Asli 250gr (Robusta);240000;4;249000;Jakarta Utara;Kompeni Coffee;5.0;1 rb+;1000;Robusta;Luwak;Other;Other;250
Ka.Mu kopi Robusta Pagar Alam;6000;0;6000;Pagar Alam;KaMuCoffee;5.0;40+;40;Robusta;Other;Pagar alam;Lokal;Other
Kopi Fajarasa Robusta Lampung Biji Kopi Robusta 500 gram;75000;0;75000;Jakarta Barat;Kopi Jayakarta;5.0;100+;100;Robusta;Other;Lampung;Lokal;500
ARUTALA Kopi Robusta Gayo Coffee 250 gram;36999;20;46300;Tangerang;Arutala Online Co.;4.9;10 rb+;10000;Robusta;Other;Gayo;Lokal;250
Biji Kopi Full Robusta Kopi Susu Ekonomis 1 KG | 1KG;80000;21;101000;Jakarta Selatan;agroastery;5.0;6 rb+;6000;Robusta;Other;Other;Other;1000
ARUTALA Kopi Toraja Rantebua Robusta Coffee 500 Gram;71999;22;92600;Tangerang;Arutala Online Co.;4.9;3 rb+;3000;Robusta;Other;Toraja;Lokal;500
Biji Kopi Bubuk Fine Robusta Gayo Aceh Coffee Sakha Roastery 500 Gram;74900;32;109900;Bekasi;Sakha Coffee Roastery;4.9;2 rb+;2000;Robusta;Other;Gayo;Lokal;500
Kopi Robusta Dampit Tirtoyudo Kualitas Pasar;22000;0;22000;Malang;Amstirdam Coffee;4.9;4 rb+;4000;Robusta;Other;Dampit;Lokal;Other
Kopi Java Robusta 900g - Ground (bubuk);69000;0;69000;Malang;Leite Coffee;4.9;3 rb+;3000;Robusta;Other;Java;Lokal;Other
ARUTALA Kopi Vietnam Central Highland Robusta 250 gram;39999;16;47500;Tangerang;Arutala Online Co.;4.9;6 rb+;6000;Robusta;Other;Vietnam;Internasional;250
ARUTALA Kopi Flores Robusta Coffee 250 gram;36999;20;46300;Tangerang;Arutala Online Co.;4.9;5 rb+;5000;Robusta;Other;Flores;Lokal;250
Biji Kopi 1kg FINE ROBUSTA whole bean coffee bahan es kopi susu grosir;25000;0;25000;Kab. Sleman;Space Roastery;5.0;9 rb+;9000;Robusta;Other;Other;Other;1000
Kopi Bubuk Murni Robusta Tradisional Kopindari - 789 Gram;80000;0;80000;Kab. Pati;Kopindari;0.0;0;0;Robusta;Other;Other;Other;Other
Kopi Robusta Flores 200 gram 100% Robusta - Giling Halus;29700;0;29700;Tangerang Selatan;Rejeki Coffee and Roastery;5.0;1;1;Robusta;Other;Flores;Lokal;200
Kopi Drip Robusta Mandailing dengan Filter Bag siap Seduh - DRIP TO GO;8000;0;8000;Tangerang;Caffeine Dope;5.0;100+;100;Robusta;Other;Mandailing;Lokal;Other
Kopi Naga Sanghie Robusta 500 Gram;51500;0;51500;Jakarta Pusat;Netrisa;4.9;500+;500;Robusta;Other;Other;Other;500
Kopi cap singa robusta java 180 gr bubuk;16910;5;17800;Surabaya;Frozen Food and Toys;5.0;100+;100;Robusta;Other;Java;Lokal;Other
KOPI NESCAFE GOLD DECAF 100GR INSTANT ARABICA AND ROBUSTA;150738;3;155400;Jakarta Selatan;BLC JKT;5.0;1 rb+;1000;Blend;Other;Other;Other;100
Excelso Robusta Gold - Bubuk Kopi 200 gr;31900;0;31900;Jakarta Barat;HB Solution;5.0;1 rb+;1000;Robusta;Other;Other;Other;200
ARUTALA Kopi Lampung Robusta Coffee 250 gram;36999;20;46300;Tangerang;Arutala Online Co.;4.9;4 rb+;4000;Robusta;Other;Lampung;Lokal;250
Kopi Bubuk Kok Tong halus / kasar robusta koktong Siantar 500 gram;42500;0;42500;Jakarta Utara;Eagar Wangsa;4.9;1 rb+;1000;Robusta;Other;Halu;Lokal;500
kopi kapsul excelso unakaffe Robusta gold;53500;5;56500;Jakarta Selatan;GrosirKopiStore;5.0;4 rb+;4000;Robusta;Other;Other;Other;Other
Biji Kopi 100% Full Robusta Dampit Roasted Commercial - BEST PRICE;85000;0;85000;Jakarta Utara;VOTRRO Coffee;4.9;3 rb+;3000;Robusta;Other;Dampit;Lokal;Other
Kopi Robusta Bubuk Cap 1001 ASLI Bengkulu 245gr;22750;0;22750;Bengkulu;Sari Wangi Bengkulu;4.9;750+;750;Robusta;Other;Bengkulu;Lokal;Other
Kopi Robusta Malang Dampit Tirtoyudo - Biji;35000;0;35000;Malang;Amstirdam Coffee;4.9;1 rb+;1000;Robusta;Other;Dampit;Lokal;Other
(1 pcs) Kopi Kapal Api Bubuk Signature Arabica Robusta Ground 65 gr;10000;0;10000;Jakarta Utara;Sinar Cahaya Agung;5.0;3 rb+;3000;Blend;Other;Other;Other;Other
ARUTALA kopi Bali Robusta 250 gram;36999;20;46300;Tangerang;Arutala Online Co.;4.9;2 rb+;2000;Robusta;Other;Bali;Lokal;250
Kopi Robusta Dampit Tirtoyudo Kualitas Pasar (Kemasan 1kg);78000;0;78000;Malang;Amstirdam Coffee;5.0;2 rb+;2000;Robusta;Other;Dampit;Lokal;1000
Biji Kopi 1kg Espresso Blend 70 arabika / 30 robusta;50000;0;50000;Tangerang Selatan;Kieta_coffee;4.9;1 rb+;1000;Blend;Other;Blend;Other;1000
Kopi Biji Sangrai 1 Kg ~ Black Coffee Robusta Lampung;50000;0;50000;Bandar Lampung;Black Coffee Lampung;4.9;24;24;Robusta;Other;Lampung;Lokal;1000
KOPI ROBUSTA 250gr USAHA KOPI TORAJA ASLI TANA TORAJA SULAWESI SELATAN;45000;0;45000;Jakarta Barat;Jakarta SnackHouse;5.0;100+;100;Robusta;Other;Toraja;Lokal;250
Kopi Fine Robusta Aceh Gayo by Kieta Coffee 1000gr - Biji Kopi;65900;0;65900;Tangerang Selatan;Kieta_coffee;5.0;2 rb+;2000;Robusta;Other;Gayo;Lokal;Other
Excelso Kopi Premium - Robusta Gold Kemasan Sachet - 10 x 10 gr;18500;0;18500;Bekasi;bratajaya shop;5.0;100+;100;Robusta;Other;Other;Other;Other
Kopi Bubuk | Exelso Kopi Robusta Gold Coffee 200 gr;35500;0;35500;Bekasi;Barudak Store;4.9;250+;250;Robusta;Other;Other;Other;200
Kopi Robusta Aceh Gayo 1 Kg;83000;0;83000;Jakarta Selatan;Indah Utama;5.0;1 rb+;1000;Robusta;Other;Gayo;Lokal;1000
KOPI BUBUK MURNI ROBUSTA 1 KG KOPI HITAM ASLI MURAH BERKUALITAS;60000;0;60000;Blitar;Lembah Kawi Komoditi;5.0;1 rb+;1000;Robusta;Other;Other;Other;1000
Biji Kopi Robusta Lampung 1KG;25000;0;25000;Tangerang Selatan;Kieta_coffee;5.0;2 rb+;2000;Robusta;Other;Lampung;Lokal;1000
Kopi Bis Kota 250gr ( ROBUSTA ) / Kopi Wong Hin ASLI Jatinegara;22300;0;22300;Jakarta Timur;Toko Acong 12;4.9;4 rb+;4000;Robusta;Other;Other;Other;250
ARUTALA Kopi Vietnam Central Highland Robusta 500 Gram;77999;22;100000;Tangerang;Arutala Online Co.;4.9;1 rb+;1000;Robusta;Other;Vietnam;Internasional;500
Awi Coffee Kopi Robusta Sidikalang Premium 250 gr | Robusta| Roasted;34650;1;35000;Jakarta Utara;AWI COFFEE;4.9;1 rb+;1000;Robusta;Other;Sidikalang;Lokal;250
ARUTALA Kopi Robusta Gold 200 gram;34999;20;43800;Tangerang;Arutala Online Co.;5.0;100+;100;Robusta;Other;Other;Other;200
Excelso Robusta Gold - Biji Kopi 200 gr;31900;0;31900;Jakarta Barat;HB Solution;5.0;1 rb+;1000;Robusta;Other;Other;Other;200
Kopi Robusta Dampit Istimewa 1 Kg;79999;6;85000;Malang;Senja Mataram;4.9;500+;500;Robusta;Other;Dampit;Lokal;1000
Biji Kopi Bubuk Robusta Bali Kintamani Sakha Coffee Roastery 500 Gram;74900;26;101000;Bekasi;Sakha Coffee Roastery;5.0;500+;500;Robusta;Other;Bali;Lokal;500
Kopi Robusta Malang Dampit Tirtoyudo - Bubuk;35000;0;35000;Malang;Amstirdam Coffee;4.9;1 rb+;1000;Robusta;Other;Dampit;Lokal;Other
EXCELSO KOPI ROBUSTA HALUS 200GR;33900;0;33900;Jakarta Selatan;LOTTE Mart Official;3.7;19;19;Robusta;Other;Halu;Lokal;200
Excelso Unakaffe Kopi Kapsul Robusta Gold (12 Kapsul @ 6 Gram);48000;20;60000;Kab. Gresik;Genshint Store;5.0;1 rb+;1000;Robusta;Other;Other;Other;Other
EXCELSO KOPI ROBUSTA BIJI 200GR;33900;0;33900;Jakarta Selatan;LOTTE Mart Official;5.0;27;27;Robusta;Other;Other;Other;200
Kopi Bubuk Robusta Naga Sanghie;55000;0;55000;Jakarta Utara;Eagar Wangsa;4.9;1 rb+;1000;Robusta;Other;Other;Other;Other
Kopi Bubuk Excelso Robusta Gold 200gr;31500;1;31900;Jakarta Timur;West Shop Jkt;5.0;2 rb+;2000;Robusta;Other;Other;Other;200
Kopi Nescafe Classic 100gr refill kopi instan robusta 100 gram bag;33500;0;33500;Jakarta Selatan;Save My Home;5.0;750+;750;Robusta;Other;Other;Other;100
Kopi Java Robusta 900g - Roastedbean (biji sangrai);69000;0;69000;Malang;Leite Coffee;4.9;10 rb+;10000;Robusta;Other;Java;Lokal;Other
KOPI BIJI SUMATRA ROBUSTA PREMIUM COFFEE BEANS 200 GR;46000;0;46000;Jakarta Selatan;Sumatra Highlands;5.0;40+;40;Robusta;Other;Sumatra;Lokal;200
BIJI KOPI 100% FULL ROBUSTA Medium Roast 1KG - Mardika Coffee;75000;32;110000;Bogor;MARDIKA COFFEE ROASTERY;4.9;100+;100;Robusta;Other;Other;Other;1000
KOPI BIJI BALI PREMIUM ROBUSTA COFFEE BEAN 1000 GR;170000;0;170000;Jakarta Selatan;Sumatra Highlands;5.0;40+;40;Robusta;Other;Bali;Lokal;Other
Robusta kopi Toraja asli 100 %, HARUM kopi Organik .1000gr;100880;3;104000;Kab. Toraja Utara;KopiAsliToraja;4.9;100+;100;Robusta;Other;Toraja;Lokal;Other
Drip Bag Coffee (Kopi Indonesia);50000;0;50000;Jakarta Barat;Say Something Coffee;4.9;100+;100;Other;Other;Other;Other;Other
Kopi Espresso Fine Robusta Garut 1 Kg;119000;10;119000;Kab. Garut;venturoast;0.0;0;0;Robusta;Other;Garut;Lokal;1000
KOPI BUBUK ROBUSTA AMING COFFEE AMENG COFFEE KOPI ASIANG PONTIANAK;38999;0;38999;Jakarta Utara;brev;5.0;22;22;Robusta;Other;Other;Other;Other
El's Coffee Robusta Bundle - Paket Kopi Robusta;132000;9;132000;Bandar Lampung;EL'S COFFEE;4.9;100+;100;Robusta;Other;Other;Other;Other
WoCA Kopi Bali Robusta 20 Sachets;54999;8;60000;Tangerang;Arutala Online Co.;4.9;1 rb+;1000;Robusta;Other;Bali;Lokal;Other
Kopi Robusta Natural Sidikalang Premium 1 Kg;87000;0;87000;Medan;Sopic Store;4.9;250+;250;Robusta;Natural;Sidikalang;Lokal;1000
Kopi Ujung Robusta Toraja Premium 250 Gram;60000;0;60000;Makassar;KOPI UJUNG;5.0;4 rb+;4000;Robusta;Other;Toraja;Lokal;250
KOPI ROBUSTA SEMENDO DARK ROAST 1 KG BIJI KOPI BUBUK - Biji Kopi;74000;0;74000;Palembang;KOPI PIKO;4.9;100+;100;Robusta;Other;Semendo;Lokal;1000
Kopi toraja robusta arabika Arabusta Gandangbatu Blend 200g - SUPER HALUS;36800;20;46000;Makassar;Kopi Toraja Gandangbatu;4.9;100+;100;Blend;Other;Blend;Other;Other
Kopi Luwak Gayo dan Robusta Box Besar;349000;0;349000;Jakarta Barat;COCO88 SHOP;5.0;20;20;Robusta;Luwak;Gayo;Lokal;Other
Kopi Toraja robusta arabika Blend Arabusta Gandangbatu 1kg - BIJI SANGRAI;156600;13;180000;Makassar;Kopi Toraja Gandangbatu;5.0;100+;100;Blend;Other;Blend;Other;1000
ARUTALA Kopi Toraja Rantebua Robusta Coffee Indonesia 250 gr - Giling Halus;36999;20;46300;Tangerang;Arutala Online Co.;4.9;10 rb+;10000;Robusta;Other;Toraja;Lokal;250
Kopi Lanang Robusta Pagar Alam Peaberry Coffe Bean Espresso Biji 200gr - Biji Kopi;50900;70;169900;Bekasi;Sakha Coffee Roastery;5.0;100+;100;Robusta;Other;Pagar alam;Lokal;200
Biji Kopi Robusta Temanggung Wine Coffee Manual Brew Espresso 200 Gram - Bubuk Halus;50900;68;159900;Bekasi;Sakha Coffee Roastery;4.9;250+;250;Robusta;Wine;Temanggung;Lokal;200
Kopi Jawa Temanggung 1 Kg (Biji Kopi Robusta - Espresso) - Whole Beans;95000;5;100000;Jakarta Barat;Say Something Coffee;4.9;100+;100;Robusta;Other;Temanggung;Lokal;1000
Kopi Jawa Temanggung 1 Kg (Biji Kopi Robusta - Espresso) - Whole Beans;95000;5;100000;Jakarta Barat;Say Something Coffee;4.9;100+;100;Robusta;Other;Temanggung;Lokal;1000
Kopi Java Blend 1 Kg (Blend Kopi Susu Arabica-Robusta) - Whole Beans;161500;5;170000;Jakarta Barat;Say Something Coffee;5.0;80+;80;Blend;Other;Blend;Other;1000
Kopi Java Blend 200 Gram (Blend Kopi Susu Arabica-Robusta) - Whole Beans;58500;10;65000;Jakarta Barat;Say Something Coffee;5.0;80+;80;Blend;Other;Blend;Other;200
Kopi Jawa Temanggung 200 Gram (Biji Kopi Robusta - Espresso) - Whole Beans;31500;10;35000;Jakarta Barat;Say Something Coffee;5.0;100+;100;Robusta;Other;Temanggung;Lokal;200
Kopi Vietnam - Mr Viet - 100% dari Vietnam - ROBUSTA;135000;0;135000;Tangerang Selatan;Premium-Stuff;5.0;12;12;Robusta;Other;Vietnam;Internasional;Other
ARUTALA Kopi Gayo Alur Badak Robusta Coffee 500 Gram - Biji;71999;22;92600;Tangerang;Arutala Online Co.;4.9;2 rb+;2000;Robusta;Other;Gayo;Lokal;500
Kopi Robusta Sidikalang 200 gram 100% Robusta - Giling Halus;29700;0;29700;Tangerang Selatan;Rejeki Coffee and Roastery;5.0;5;5;Robusta;Other;Sidikalang;Lokal;200
Kopi Robusta Flores 200 gram 100% Robusta;29700;0;29700;Tangerang Selatan;Rejeki Coffee and Roastery;5.0;1;1;Robusta;Other;Flores;Lokal;200
kopi robusta temanggung 1kg / roast bean robusta 1kg - 500gr, BIJI;35000;0;35000;Jakarta Barat;Aik Kopi;4.5;40+;40;Robusta;Other;Temanggung;Lokal;1000
ARUTALA Kopi Gayo Alur Badak Robusta Coffee 500 Gram;71999;22;92600;Tangerang;Arutala Online Co.;4.9;2 rb+;2000;Robusta;Other;Gayo;Lokal;500
WoCA Kopi Bali Robusta Lanang Peaberry 150 gram X 3 Pack - Biji;51999;52;108000;Tangerang;WoCA Indonesia;4.9;500+;500;Robusta;Other;Bali;Lokal;150
Kopi Robusta Sidikalang 500 Gr -Fine Robusta- Bean/Biji & Ground/Bubuk - Bean - Biji;79500;0;79500;Tangerang;Caffeine Dope;5.0;30+;30;Robusta;Other;Sidikalang;Lokal;500
Kopi Lanang Robusta Pagar Alam Peaberry Coffe Bean Espresso Biji 200gr;50900;70;169900;Bekasi;Sakha Coffee Roastery;5.0;100+;100;Robusta;Other;Pagar alam;Lokal;200
KOPI ROBUSTA JAVA 1KG - BIJI;75000;0;75000;Malang;HOUDVAN Coffee Co.;5.0;250+;250;Robusta;Other;Java;Lokal;1000
Biji / Bubuk Es Kopi Susu Kekinian Klasik 200g, 75/25 Robusta,  MURAH - Whole Bean;43500;0;43500;Semarang;Pinpoint Coffee Roaster;5.0;5;5;Robusta;Other;Other;Other;Other
Kopi Robusta Aceh Gayo - Roasted Bean - 1 KG - WHOLE BEAN;104500;5;110000;Medan;Hatana Coffee;4.9;500+;500;Robusta;Other;Gayo;Lokal;1000
ARUTALA Kopi Vietnam Central Highland Robusta 1KG - Biji;151999;24;200000;Tangerang;Arutala Online Co.;4.9;250+;250;Robusta;Other;Vietnam;Internasional;1000
KOPI ROBUSTA FINE DAMPIT 500GR - BIJI;60000;0;60000;Malang;HOUDVAN Coffee Co.;5.0;100+;100;Robusta;Other;Dampit;Lokal;500
Biji Kopi Robusta Temanggung Wine Coffee Manual Brew Espresso 200 Gram;50900;68;159900;Bekasi;Sakha Coffee Roastery;4.9;250+;250;Robusta;Wine;Temanggung;Lokal;200
WoCA Kopi Bali Robusta Lanang Peaberry 150 gram;17999;50;36000;Tangerang;WoCA Indonesia;4.9;1 rb+;1000;Robusta;Other;Bali;Lokal;150
Kopi Bubuk Robusta Temanggung / Kopi Lelet / Coffee Robusta - pack valve;86000;0;86000;Semarang;DAV COFFEE ROASTERY;0.0;4;4;Robusta;Other;Temanggung;Lokal;Other
ARUTALA Kopi Gayo Alur Badak Robusta Coffee 1KG - Biji;139999;24;185200;Tangerang;Arutala Online Co.;4.9;500+;500;Robusta;Other;Gayo;Lokal;1000
Robusta kopi Toraja asli 100 %, HARUM kopi Organik .1000gr - 1kg,  kemasan biasa;100880;3;104000;Kab. Toraja Utara;KopiAsliToraja;4.9;100+;100;Robusta;Other;Toraja;Lokal;1000
Ka.Mu kopi Robusta Pagar Alam - Plastik bening,  90 gram;6000;0;6000;Pagar Alam;KaMuCoffee;5.0;40+;40;Robusta;Other;Pagar alam;Lokal;Other
WoCA Kopi Bali Robusta Lanang Peaberry 150 gram X 3 Pack;51999;52;108000;Tangerang;WoCA Indonesia;4.9;500+;500;Robusta;Other;Bali;Lokal;150
El's Coffee Robusta Bundle - Paket Kopi Robusta - Biji Kopi;132000;0;132000;Bandar Lampung;EL'S COFFEE;4.9;100+;100;Robusta;Other;Other;Other;Other
Es kopi blend robus arabica coffee ABRA 70% Robusta 30% Arabica 1000gr;120000;0;120000;Sukabumi;Abra Coffee Roasters;0.0;0;0;Blend;Other;Blend;Other;Other
BIJI KOPI HOUSE BLEND Arabica 50% Robusta 50% - 1 kg - Biji, 250gr x 4;145000;0;145000;Medan;Coaster Roastery;4.9;60+;60;Blend;Other;Blend;Other;1000
BIJI KOPI ROBUSTA GAYO 250 gram - Bubuk kasar;30000;0;30000;Medan;Coaster Roastery;5.0;16;16;Robusta;Other;Gayo;Lokal;250
KOPI SUSU BLEND 50/50 ARABIKA ROBUSTA - HALFTONE 1KG - 200 GRAM;59000;0;59000;Jakarta Utara;Axy Roastery;0.0;3;3;Blend;Other;Blend;Other;1000
Javarover Full Robusta Coffee - Temanggung Rawaseneng - Beans,  250 gram;45000;0;45000;Bekasi;Javaro Coffee Shop;5.0;100+;100;Robusta;Other;Temanggung;Lokal;250
Kopi Robusta Kerinci 500 Gr -Fine Robusta- Bean/Biji & Ground/Bubuk - Coarse - Kasar;79500;0;79500;Tangerang;Caffeine Dope;5.0;60+;60;Robusta;Other;Kerinci;Lokal;500
Nut on Nut 1kg - Biji Kopi Robusta Kopi Susu Blend 1kg | Coffeenatics;120000;0;120000;Medan;Coffeenatics;5.0;30+;30;Blend;Other;Blend;Other;1000
Kopi Biji Sangrai Robusta Semendo ( 1kg ) - Biji Kopi;72000;0;72000;Palembang;KOPI PIKO;4.9;2 rb+;2000;Robusta;Other;Semendo;Lokal;1000
Kopi Robusta Sidikalang - Roasted Bean - 200 Gram;28500;5;30000;Medan;Hatana Coffee;4.9;250+;250;Robusta;Other;Sidikalang;Lokal;200
kopi Robusta - fine,  500gram;60000;0;60000;Jakarta Timur;Nisyashopp_;0.0;0;0;Robusta;Other;Other;Other;500
Kopi Bestco Premium Robusta Mandheling 500 gr;70000;0;70000;Medan;BESTCO Coffee Shop & Roastery;4.9;100+;100;Robusta;Other;Mandheling;Other;500
KOPI ROBUSTA 1KG;125000;0;125000;Surabaya;phorabicacoffee;0.0;0;0;Robusta;Other;Other;Other;1000
Kopi Robusta Sidikalang - Roasted Bean - 1 KG - WHOLE BEAN;104500;5;110000;Medan;Hatana Coffee;5.0;1 rb+;1000;Robusta;Other;Sidikalang;Lokal;1000
ARUTALA Kopi Vietnam Central Highland Robusta 1KG;151999;24;200000;Tangerang;Arutala Online Co.;4.9;250+;250;Robusta;Other;Vietnam;Internasional;1000
Kopi Robusta Lampung/KOPi WAW/ Kopi Kesehatan/Kopi Nikmat Tanpa Gula;40000;0;40000;Bandar Lampung;warkopwaw;5.0;750+;750;Robusta;Other;Lampung;Lokal;Other
El's Coffee Robusta Bundle - Paket Kopi Robusta;132000;0;132000;Bandar Lampung;EL'S COFFEE;4.9;100+;100;Robusta;Other;Other;Other;Other
ARUTALA Kopi Robusta Temanggung Wine 500 gram - Biji;123999;22;159500;Tangerang;Arutala Online Co.;4.9;100+;100;Robusta;Wine;Temanggung;Lokal;500
Kopi Robusta Lampung 500 Gr -Fine Robusta- Bean/Biji & Ground/Bubuk - Bean - Biji;79500;0;79500;Tangerang;Caffeine Dope;5.0;30+;30;Robusta;Other;Lampung;Lokal;500
Kopi Robusta Bali 1 Kg -Fine Robusta- Bean/Biji & Ground/Bubuk - Bean - Biji;146500;0;146500;Tangerang;Caffeine Dope;5.0;14;14;Robusta;Other;Bali;Lokal;1000
Kopi Robusta Flores 500 Gr -Fine Robusta- Bean/Biji & Ground/Bubuk - Bean - Biji;79500;0;79500;Tangerang;Caffeine Dope;5.0;30+;30;Robusta;Other;Flores;Lokal;500
Kopi Lanang Robusta Pagar Alam Peaberry Coffe Bean Espresso Biji 100gr - Biji Kopi;34900;64;96900;Bekasi;Sakha Coffee Roastery;5.0;70+;70;Robusta;Other;Pagar alam;Lokal;100
haldinfoods Biji Kopi Roasted Fine Robusta Coffee Bean - 250 gram;30000;56;68000;Kab. Bekasi;haldinfoods;5.0;8;8;Robusta;Other;Other;Other;250
Kopi Robusta Sidikalang - Roasted Bean - 200 Gram - WHOLE BEAN;28500;5;30000;Medan;Hatana Coffee;4.9;250+;250;Robusta;Other;Sidikalang;Lokal;200
Kopi bubuk asli arabika robusta - 200,  Campur;35000;0;35000;Bandung;Nyabawanoh;0.0;0;0;Blend;Other;Other;Other;Other
KOPI ROBUSTA BALI PUPUAN TABANAN 1kg BIJI/BUBUK FRESH ROASTED-INDISCHE - Biji;96900;5;102000;Kab. Badung;INDISCHE COFFEE OFFICIAL;4.9;250+;250;Robusta;Other;Bali;Lokal;1000
BIJI KOPI ROBUSTA GAYO 250 gram;30000;0;30000;Medan;Coaster Roastery;5.0;16;16;Robusta;Other;Gayo;Lokal;250
Kopi Bubuk Murni Kopi Tubruk Robusta KUDA HITAM Asli Jawa Timur 1kg;34900;0;34900;Depok;KoffieD;4.7;24;24;Robusta;Other;Other;Other;1000
Kopi Robusta Sepenanjung Bengkulu 900gr / Fresh Roasting;85000;0;85000;Kab. Tangerang;COFFEE GABUT;0.0;0;0;Robusta;Other;Bengkulu;Lokal;Other
Kopi Toraja Robusta 200g Murah untuk kopi hitam atau kopi susu - BIJI SANGRAI;27200;20;34000;Makassar;Kopi Toraja Gandangbatu;4.9;90+;90;Robusta;Other;Toraja;Lokal;Other
Kopi Bubuk Kapal Tanker Old - 780 Gr;48000;30;48000;Kab. Tangerang;Kopi Kapal Tanker;5.0;3 rb+;3000;Other;Other;Other;Other;Other
Kopi Biji Sangrai Robusta Pagaralam ( 1kg ) - Biji Kopi;72000;0;72000;Palembang;KOPI PIKO;4.9;250+;250;Robusta;Other;Pagaralam;Lokal;1000
Kopi Toraja robusta arabika Blend Arabusta Gandangbatu 1kg;156600;13;180000;Makassar;Kopi Toraja Gandangbatu;5.0;100+;100;Blend;Other;Blend;Other;1000
Kopi Robusta Lampung - Roasted Bean - 1 KG - WHOLE BEAN;104500;5;110000;Medan;Hatana Coffee;5.0;100+;100;Robusta;Other;Lampung;Lokal;1000
Kopi Biji Sangrai Robusta Pagaralam Super ( 1kg ) - Giling Kasar;72000;0;72000;Palembang;KOPI PIKO;5.0;500+;500;Robusta;Other;Pagaralam;Lokal;1000
Kopi Robusta Aceh Gayo - Roasted Bean - 500 Gram - WHOLE BEAN;61750;5;65000;Medan;Hatana Coffee;4.9;250+;250;Robusta;Other;Gayo;Lokal;500
Kopi Robusta Sidikalang - Roasted Bean - 500 Gram - WHOLE BEAN;61750;5;65000;Medan;Hatana Coffee;4.9;500+;500;Robusta;Other;Sidikalang;Lokal;500
Kopi Robusta Nusantara 1 Kg -Fine Robusta- Bean/Biji & Ground/Bubuk - Aceh Gayo;146000;0;146000;Tangerang;Caffeine Dope;5.0;4;4;Robusta;Other;Gayo;Lokal;1000
Kopi Robusta Preanger 500 Gr -Fine Robusta- Bean/Biji & Ground/Bubuk - Coarse - Kasar;79500;0;79500;Tangerang;Caffeine Dope;5.0;15;15;Robusta;Other;Preanger;Lokal;500
Bubuk Kopi Robusta Naga Sanghie 500gr - Bubuk Halus;53000;0;53000;Jakarta Pusat;Tiga Raya Store;4.6;24;24;Robusta;Other;Halu;Lokal;500
Kopi Bubuk Robusta Pagaralam Premium (250gr);26000;0;26000;Palembang;KOPI PIKO;5.0;90+;90;Robusta;Other;Pagaralam;Lokal;250
Excelso Kopi Sachet Robusta Gold;18500;0;18500;Jakarta Timur;cillamontristuff;5.0;1 rb+;1000;Robusta;Other;Other;Other;Other
Robusta Halus Kopi Aroma Bandung Original Koffie Fabriek Banceuy 51;33999;0;33999;Bandung;Ledeng Motor Bandung;4.9;250+;250;Robusta;Other;Halu;Lokal;Other
Nescafe Classic Sachet 2gr Lampung 1 pack isi 60pcs Kopi Murni Robusta;38500;0;38500;Jakarta Utara;Milo Canteen;5.0;250+;250;Robusta;Other;Lampung;Lokal;Other
Kopi Aroma Robusta Bandung 500 Gram Bubuk/Biji Asli Banceuy;68800;0;68800;Bandung;Faiz Abdul online shop;5.0;1 rb+;1000;Robusta;Other;Other;Other;500
Kopi Aroma Robusta Bandung 250 Gram;34400;0;34400;Bandung;Faiz Abdul online shop;5.0;6 rb+;6000;Robusta;Other;Other;Other;250
Biji Kopi Bubuk Robusta Toraja Sulawesi Coffee Beans Espresso 1Kg - Biji Kopi;134900;39;219500;Bekasi;Second Step Coffee;5.0;4;4;Robusta;Other;Toraja;Lokal;1000
ARUTALA Kopi Robusta Temanggung Wine 1KG - Biji;241999;24;319000;Tangerang;Arutala Online Co.;4.8;28;28;Robusta;Wine;Temanggung;Lokal;1000
Full Robusta Kopi Susu 1 KG | Biji Kopi Susu - BEANS;79900;0;79900;Jakarta Barat;RALA KOPI & ROASTERY;5.0;50+;50;Robusta;Other;Other;Other;1000
KOPI ROBUSTA FINE DAMPIT 500GR;60000;0;60000;Malang;HOUDVAN Coffee Co.;5.0;100+;100;Robusta;Other;Dampit;Lokal;500
Kopi Luwak Authentic Arabica 150 Gr;744610;5;783800;Jakarta;Kopi Luwak Official;5.0;100+;100;Arabika;Luwak;Other;Other;150
Kopi Luwak - Paket Ternikmat;114284;14;132981;Jakarta;Kopi Luwak Official;5.0;100+;100;Other;Luwak;Other;Other;Other
Kopi Luwak High Class Dark Roast Powder 200gr;76000;0;76000;Jakarta;Kopi Luwak Official;5.0;100+;100;Other;Luwak;Other;Other;200
Kopi ADMIRAL Liberika 225gr - Bubuk;59000;0;59000;Kab. Bogor;INDIBRO COFFEE;5.0;4;4;Liberika;Other;Other;Other;Other
Kopi Double Deer 200 Gram (Biji Kopi Espresso Blend Full Arabica) - Whole Beans;110000;0;110000;Jakarta Barat;Say Something Coffee;5.0;50+;50;Blend;Other;Blend;Other;200
Kopi Bubuk Blend Robusta & Liberika 250gr | Kopi 100% Murni 250 gr;25000;0;25000;Kab. Sidoarjo;Anekasari88;0.0;0;0;Blend;Other;Blend;Other;250
Kopi Liberika Bubuk Hitam Liberica Excelsa Cap AAA Nefo Jambi 100gram;16500;0;16500;Jakarta Barat;SaddhaShop;5.0;500+;500;Liberika;Other;Jambi;Lokal;100
Kopi Nangka 1Kg biasa disebut Liberika atau Excelsa Khas Dari Semeru;119000;0;119000;Kab. Lumajang;Kopi Juara.Id;4.7;40+;40;Liberika;Other;Semeru;Lokal;1000
Kopi Nangka 200Gr atau Kopi Liberika Excelsa Produk Kopi Juara;30000;0;30000;Kab. Lumajang;Kopi Juara.Id;5.0;90+;90;Liberika;Other;Other;Other;200
Kopi Liberika Sumedang 1kg / Kopi Nangka;150000;0;150000;Bandung;aridyu;4.9;100+;100;Liberika;Other;Sumedang;Lokal;1000
Biji Kopi 100% Full Arabica Mandheling Roasted Commercial - BEST PRICE;165000;0;165000;Jakarta Utara;VOTRRO Coffee;4.9;10 rb+;10000;Arabika;Other;Mandheling;Other;Other
Tiga Tujuh 1kg - Biji Kopi Grosir 1kg | Coffeenatics;120000;0;120000;Medan;Coffeenatics;5.0;100+;100;Other;Other;Other;Other;1000
ARUTALA Kopi Italian Blend for Espresso Coffee 200 gram;49999;20;62500;Tangerang;Arutala Online Co.;4.9;6 rb+;6000;Blend;Other;Blend;Other;200
Kopi Luwak Liar Gayo Arabica 200gr;140000;0;140000;Medan;Morfosa Coffee;4.9;60+;60;Arabika;Luwak;Gayo;Lokal;200
Kopi Bubuk Kapal Tanker New - 780 Gr - Bubuk Halus;33600;30;48000;Kab. Tangerang;Kopi Kapal Tanker;5.0;3 rb+;3000;Other;Other;Halu;Lokal;Other
kopi liberika wongkae;15000;0;15000;Kab. Brebes;Bilqis Olstore;5.0;30+;30;Liberika;Other;Other;Other;Other
Kopi Nangka 500Gr atau Kopi Liberika Excelsa Produk Kopi Juara;60000;0;60000;Kab. Lumajang;Kopi Juara.Id;4.8;40+;40;Liberika;Other;Other;Other;500
Kopi Liberika Natural Biji Kopi Matang atau Bubuk 200gram;40000;11;45000;Tangerang;VROOM COFFEE ROASTERY;4.7;21;21;Liberika;Natural;Other;Other;200
Biji Kopi Liberika Wine Proses Roasting 1kg (100% Original);60000;0;60000;Kab. Situbondo;Mustika Djamue;4.7;60+;60;Liberika;Wine;Other;Other;1000
BUBUK KOPI ASLI ROBUSTA DAN LIBERIKA 100% KOPI TUBRUK HALUS;57000;0;57000;Surakarta;kopikas Official;5.0;30+;30;Blend;Other;Halu;Lokal;Other
Kopi Tubruk Bubuk Arabika Espresso Blend Coffee Sakha Roastery 100gr - Kopi Tubruk;19900;30;28500;Bekasi;Sakha Coffee Roastery;4.9;1 rb+;1000;Blend;Other;Blend;Other;100
Rancabali Shasika Pink (Arabica Specialty Coffee);117000;10;130000;Jakarta Selatan;Smoking Barrels Coffee;5.0;90+;90;Arabika;Other;Rancabali;Lokal;Other
250gr Kopi Bali Pupuan Tabanan Robusta. Kopi Biji / Bubuk Mutiara Bali;23900;0;23900;Kab. Badung;Kopi Bali Mutiara;4.9;1 rb+;1000;Robusta;Other;Bali;Lokal;250
ARABICA BRAZIL CERRADO FAZENDA SANTA MARIA BIJI KOPI;70000;0;70000;Medan;Coaster Roastery;5.0;50+;50;Arabika;Other;Brazil;Internasional;Other
Kopi Bubuk Arabika Aceh Gayo Takengon Kopi Hitam Arabica Coffee - 100gr,  Bubuk Halus;20000;0;20000;Medan;Morfosa Coffee;5.0;2;2;Arabika;Other;Gayo;Lokal;100
kopi Liberika Sumedang 250gr / Kopi Nangka;45000;0;45000;Bandung;aridyu;5.0;10;10;Liberika;Other;Sumedang;Lokal;250
BIJI KOPI LIBERIKA MIX ARABIKA ROASTING 1KG SUPER;72000;6;77000;Kab. Situbondo;Bangzaa Herball;5.0;8;8;Blend;Other;Other;Other;1000
Biji Kopi Liberika Nangka Wine Proses 1kg;50000;0;50000;Kab. Situbondo;Mustika Djamue;4.4;100+;100;Liberika;Wine;Other;Other;1000
Kopi Liberco Liberika Sambas 200gr Kopi Bubuk Liber.co Coffee;39000;0;39000;Kab. Sambas;Tukang Gudang;0.0;0;0;Liberika;Other;Other;Other;200
LIYBERUSKA DARK (liberika, robusta, arabica) KOPI BUBUK;15000;0;15000;Jambi;RUMAH@kebunKOPI;0.0;2;2;Blend;Other;Other;Other;Other
Roast Bean Kopi Liberika Artisan;25000;0;25000;Kab. Tanjung Jabung Timur;peatlandcoffee;5.0;6;6;Liberika;Other;Other;Other;Other
BUBUK GILING KASAR KOPI LIBERIKA MIX ARABIKA NATURAL 1KG;67000;0;67000;Kab. Situbondo;Bangzaa Herball;5.0;3;3;Blend;Other;Other;Other;1000
Kopi Liberika Senduro Madrigal Coffee 250gr Pack Liberica Excelsa;47000;0;47000;Surabaya;Madrigal Coffee Co.;4.7;7;7;Liberika;Other;Senduro;Lokal;250
Kopi nangka liberika jawabarat mukapayung;90000;0;90000;Semarang;Panna Coffee;4.9;30+;30;Liberika;Other;Mukapayung;Lokal;Other
kopinoe. kopi murni100% kopi Liberika exelsa;50000;0;50000;Kab. Jember;kopinoe;5.0;70+;70;Liberika;Other;Other;Other;Other
KOPI LIBERIKA WINE BUBUK CIBUNAR KUNINGAN;30000;0;30000;Kab. Kuningan;SASADULUR KOPI;5.0;9;9;Liberika;Wine;Cibunar;Lokal;Other
Bubuk Kopi Liberika atau Nangka 1kg;60000;0;60000;Kab. Situbondo;Mustika Djamue;4.4;50+;50;Liberika;Other;Other;Other;1000
Bubuk Kopi Putih Liberika / Nangka 1kg (100% Original);125000;0;125000;Kab. Bantul;ukupedia;0.0;0;0;Liberika;Other;Other;Other;1000
Biji Kopi Liberika Meranti khas Riau 200gr;60000;0;60000;Pekanbaru;Kopi Curah;5.0;2;2;Liberika;Other;Meranti;Lokal;200
Biji Kopi Liberika Roasting 1kg (100% Original);60000;0;60000;Kab. Situbondo;Mustika Djamue;4.3;70+;70;Liberika;Other;Other;Other;1000
Bubuk Kopi Liberika Nangka Wine Proses 1kg Kemasan Label Swalayan;65000;0;65000;Kab. Situbondo;Mustika Djamue;4.0;26;26;Liberika;Wine;Other;Other;1000
Kopi Liberika original 100gr;25000;0;25000;Jakarta Barat;henzshops;5.0;1;1;Liberika;Other;Other;Other;100
BIJI KOPI LIBERIKA LAMPUNG GRADE 1;40000;0;40000;Kab. Lampung Barat;KINGRAW SHOP;4.7;60+;60;Liberika;Other;Lampung;Lokal;Other
Kopi Liberika Arjuno 1kg single origin biji/bubuk;105000;0;105000;Surabaya;losecoffee;5.0;10;10;Liberika;Other;Arjuno;Lokal;1000
Bubuk Kopi Liberika Mix Jahe Merah 1Kg Terbukti !!;65000;0;65000;Kab. Situbondo;Bangzaa Herball;5.0;3;3;Blend;Other;Other;Other;1000
Kopi Luak Liberika Sudah Sangrai;70000;0;70000;Kab. Tanjung Jabung Barat;liberika coffe jambi;0.0;0;0;Liberika;Other;Other;Other;Other
KOPI EXCELSA LIBERIKA TEMANGGUNG;20000;0;20000;Kab. Temanggung;KEDU COFFEE;4.7;3;3;Liberika;Other;Temanggung;Lokal;Other
Biji Kopi Liberika/Nangka 500gr;30000;0;30000;Surabaya;Sarjana Kopi;5.0;3;3;Liberika;Other;Other;Other;500
BUBUK GILING KASAR KOPI ARABIKA WINE MIX LIBERIKA 1KG;75000;0;75000;Kab. Situbondo;Bangzaa Herball;5.0;2;2;Blend;Other;Other;Other;1000
kopi liberika kopinata;60000;0;60000;Kab. Bantul;Kopi Decaf Nata;5.0;100+;100;Liberika;Other;Other;Other;Other
Kopi Liberika Kopi Bedhag Djemberan 100 Gram;22900;0;22900;Kab. Jember;ETNIKAN;0.0;0;0;Liberika;Other;Other;Other;100
BIJI KOPI LIBERIKA MIX ARABIKA ROASTING 500GRAM SUPER 100%;53000;0;53000;Kab. Situbondo;Bangzaa Herball;0.0;0;0;Blend;Other;Other;Other;500
Kopi Bubuk Kapal Tanker Old - 780 Gr;33600;30;48000;Kab. Tangerang;Kopi Kapal Tanker;5.0;3 rb+;3000;Other;Other;Other;Other;Other
KAPAL API Special Silver 380 gr;24700;11;27900;Kab. Tangerang;Kapal Api Store;4.9;3 rb+;3000;Other;Other;Other;Other;Other
MANTESA HIBISCUS TEA | THERMAL WASH | SPECIALTY COFFEE FILTER - 100gr;60000;0;60000;Kab. Sleman;Hayati Coffee;5.0;70+;70;Other;Wash;Other;Other;100
Kepala Djenggot Coffee Bag Kopi Celup Extra Strong 70 gr;20000;5;21100;Tengerang;Kepala Djenggot Official;5.0;30+;30;Other;Other;Other;Other;Other
HALU FRUITY CHOCOLATE | HONEY | SPECIALTY COFFEE ESPRESSO - 100gr;65000;0;65000;Kab. Sleman;Hayati Coffee;5.0;30+;30;Other;Honey;Halu;Lokal;100
Kopi Luwak Collagen Renceng 10x25gr -10pcs [Carton];181000;14;211000;Jakarta;Kopi Luwak Official;5.0;50+;50;Other;Luwak;Other;Other;Other
Kopi Luwak High Class Dark Roast Bean 200gr Twin Pack;136800;10;152000;Jakarta;Kopi Luwak Official;4.8;250+;250;Other;Luwak;Other;Other;200
Kopi Luwak Murni Renceng 20x6.5gr - 20pcs (Carton);118000;50;236000;Jakarta;Kopi Luwak Official;4.9;100+;100;Other;Luwak;Other;Other;Other
Kopi Luwak Plus Gula Tebu Black Coffee Bag 10x25gr Twin Pack;21780;10;24200;Jakarta;Kopi Luwak Official;5.0;1 rb+;1000;Other;Luwak;Other;Other;Other
Kopi Luwak Murni Black Coffee Bag 140gr + 140gr - 3 Pcs;39750;47;75000;Jakarta;Kopi Luwak Official;5.0;250+;250;Other;Luwak;Other;Other;Other
BUBUK KOPI LIBERIKA TRIBULUS GULA AREN 1KG / SIAP SEDU / CAMPUR MIXED;60000;0;60000;Kab. Situbondo;Mustika Djamue;4.5;2;2;Blend;Other;Other;Other;1000
Kopi Liberika Lampung 250gr;35000;0;35000;Tangerang Selatan;Ladhidh Coffee & Roastery;5.0;5;5;Liberika;Other;Lampung;Lokal;250
KAPAL API Special Silver 2 X 380 gr;40000;28;55800;Kab. Tangerang;Kapal Api Store;4.9;500+;500;Other;Other;Other;Other;Other
Kopi Bubuk Kapal Tanker New - 780 Gr;33600;30;48000;Kab. Tangerang;Kopi Kapal Tanker;5.0;3 rb+;3000;Other;Other;Other;Other;Other
OZONITE MANTESA 84H | FILTER COFFEE | SPECIALTY COFFEE - 100gr;60000;0;60000;Kab. Sleman;Hayati Coffee;5.0;70+;70;Other;Other;Other;Other;100
Kopiz Arabica Lembah Kerinci Raya;130000;0;130000;Jakarta Timur;kopiz;0.0;0;0;Arabika;Other;Kerinci;Lokal;Other
Limited Edition Giftpack Kapal Api;75000;50;150000;Kab. Tangerang;Kapal Api Store;4.9;6 rb+;6000;Other;Other;Other;Other;Other
Kopi House Blend 73 1KG - Biji, 100gr;18000;0;18000;Jakarta Selatan;Kawaki Roastery;5.0;250+;250;Blend;Other;Blend;Other;1000
Biji Kopi Specialty Arabica Toraja Sapan 200 gram - Biji, 100gr;35000;0;35000;Jakarta Selatan;Kawaki Roastery;4.9;100+;100;Arabika;Other;Toraja;Lokal;200
Kopi Arabica Aceh Gayo 200 gram - Biji, 100gr;23000;0;23000;Jakarta Selatan;Kawaki Roastery;4.9;500+;500;Arabika;Other;Gayo;Lokal;200
Kopi Arabika GAYO WINE | biji Kopi Aceh single origin arabica SPECIAL;85000;15;100000;Jakarta Utara;Mr. O Coffee;4.9;10 rb+;10000;Arabika;Wine;Gayo;Lokal;Other
Jamoca Signature 70%Arabica : 30%Robusta 200g Coffee Beans Biji Kopi;37500;0;37500;Jakarta Utara;Paralel Coffee;5.0;1 rb+;1000;Blend;Other;Other;Other;Other
Excelso Kopi Robusta Gold Biji 200G;33500;0;33500;Jakarta Pusat;Excelso Official Store;5.0;4 rb+;4000;Robusta;Other;Other;Other;Other
Roasted Bean Premium Robusta Natural Tuang Coffee 1kg;95785;13;110000;Jakarta Selatan;Tuang Coffee;5.0;10 rb+;10000;Robusta;Natural;Flores;Lokal;1000
Biji Kopi 100% Full Arabica Mandheling Roasted Commercial - ESPRESSO;40000;11;45000;Jakarta Utara;VOTRRO Coffee;4.9;4 rb+;4000;Arabika;Other;Mandheling;Other;Other
1kg Biji Kopi TOEKU Blend 100% Arabika untuk Kopi Susu;87500;0;87500;Tangerang Selatan;Kieta_coffee;5.0;2 rb+;2000;Blend;Other;Blend;Other;1000
KOPI AROMA BANDUNG - ARABIKA / ROBUSTA FRESH ASLI - Bubuk / Biji 250gr;33500;0;33500;Bandung;Tokomart Shop;5.0;10 rb+;10000;Blend;Other;Other;Other;250
Roasted Bean Primo Blend Tuang Coffee (Arabica dan Robusta) 1kg;135817;31;197500;Jakarta Selatan;Tuang Coffee;5.0;10 rb+;10000;Blend;Other;Flores;Lokal;1000
TUKU - Biji Kopi Arabika: Cipete Blend (250 gram);98000;0;98000;Jakarta Selatan;Toko Kopi Tuku;4.9;1 rb+;1000;Blend;Other;Blend;Other;250
Kopi Arabika Ijen Bondowoso Espresso 1kg | Commercial Coffee Beans;100000;29;140000;Jakarta Timur;Maillard Coffee Roaster;4.9;250+;250;Arabika;Other;Ijen;Lokal;1000
Kopi Susu Blend 100% Robusta 1kg Coffee Beans Biji Kopi;88800;0;88800;Jakarta Utara;Paralel Coffee;5.0;1 rb+;1000;Blend;Other;Blend;Other;1000
Kopi Robusta Dampit Natural 1kg (biji/bubuk) - Biji Kopi;85000;0;85000;Kab. Malang;filosofi cafe;5.0;4 rb+;4000;Robusta;Natural;Dampit;Lokal;1000
Decaf Colombia Dekaf Single Origin Arabica 200g biji kopi coffee beans;109000;0;109000;Jakarta Utara;Paralel Coffee;4.9;500+;500;Arabika;Other;Other;Other;Other
Kopi Fajarasa Aceh Gayo Biji Kopi Arabica 500 gram;125000;0;125000;Jakarta Barat;Kopi Jayakarta;4.9;500+;500;Arabika;Other;Gayo;Lokal;500
Biji Kopi 100% Arabica ACEH GAYO Roasted Commercial 1kg - ESPRESSO;110000;8;120000;Jakarta Timur;Maillard Coffee Roaster;4.9;1 rb+;1000;Arabika;Other;Gayo;Lokal;1000
Biji Kopi Fine Robusta Flores Manggarai 1KG by kieta coffee;65900;0;65900;Tangerang Selatan;Kieta_coffee;4.9;1 rb+;1000;Robusta;Other;Flores;Lokal;1000
Kopi Arabika Gayo Wine Arabica Coffee 200gr Sakha Roastery Biji Bubuk;79900;33;119000;Bekasi;Sakha Coffee Roastery;4.9;1 rb+;1000;Arabika;Wine;Gayo;Lokal;200
Anomali Coffee Biji Kopi Black Pearl 500gr;180000;20;225000;Jakarta Selatan;Anomali Coffee;5.0;1 rb+;1000;Other;Other;Other;Other;500
illy Coffee - Classico - Biji Kopi 250 gr;202000;0;202000;Jakarta Pusat;illyIndonesia;5.0;100+;100;Other;Other;Other;Other;250
Kopi Polomero Espresso Blend 500 Gram (Biji/Bubuk) | Worcas Coffee;98000;19;121000;Jakarta Barat;WORCAS COFFEE;4.9;1 rb+;1000;Blend;Other;Blend;Other;500
Single Origin Arabica Fullwash Espresso 1kg (Coffee Roasted Beans);190000;0;190000;Bandung;Flood Coffee Roastery;5.0;250+;250;Arabika;Wash;Other;Other;1000
WorkshopBrother Kopi Robusta Lampung 1Kg - Biji atau Bubuk;85000;0;85000;Jakarta Barat;Workshop Brother;4.9;1 rb+;1000;Robusta;Other;Lampung;Lokal;1000
Kopi Arabika Sunda Aromanis | Biji Kopi Single Origin Arabica 200gr;59900;0;59900;Jakarta Barat;RALA KOPI & ROASTERY;4.9;100+;100;Arabika;Other;Sunda;Lokal;200
Kopi Arabika Semendo | Biji Kopi Single Origin Arabica 200gr;58702;2;59900;Jakarta Barat;RALA KOPI & ROASTERY;4.9;250+;250;Arabika;Other;Semendo;Lokal;200
Kopi Fajarasa Italian Espresso Biji Kopi Espresso Blend 500 gram;100000;0;100000;Jakarta Barat;Kopi Jayakarta;4.9;250+;250;Blend;Other;Blend;Other;500
Biji kopi sangrai fine robusta gayo - natural proses - 100 gram;10000;0;10000;Bekasi;Distributor cafe;5.0;1;1;Robusta;Natural;Gayo;Lokal;100
Biji Kopi Blend 50/50 Kopi Susu Ekonomis 1 KG | 1KG;120000;0;120000;Jakarta Selatan;agroastery;5.0;9 rb+;9000;Blend;Other;Blend;Other;1000
BIJI KOPI 250 GR 100 % ARABICA espresso blend es kopi susu;50000;0;50000;Bandung;Herd Coffee and Co;5.0;1 rb+;1000;Blend;Other;Blend;Other;250
Excelso Robusta Gold Biji Kopi 200 Gram;29230;21;37000;Malang;Galuh MM;5.0;250+;250;Robusta;Other;Other;Other;200
KOPI ARABIKA HALU BANANA HONEY 200 GRAM BIJI DAN BUBUK;76999;0;76999;Bandung;Sutoyo Coffee;4.9;2 rb+;2000;Arabika;Honey;Halu;Lokal;200
Excelso Kopi Java Arabica Biji 200G;60000;0;60000;Jakarta Pusat;Excelso Official Store;5.0;1 rb+;1000;Arabika;Other;Java;Lokal;Other
ROAST BEAN ROBUSTA TEMANGGUNG JUAL BIJI KOPI HARGA GROSIR - 1KG, BIJI;65000;0;65000;Kab. Sleman;REMBULAN COFFEE;4.9;1 rb+;1000;Robusta;Other;Temanggung;Lokal;1000
% Arabica Blend 200 gram ( coffee beans );185000;31;269000;Jakarta Selatan;% ARABICA;4.9;2 rb+;2000;Blend;Other;Blend;Other;200
Kopi Arabica Toraja biji bubuk origin roasted SEMEKAR Coffee - 200 gr;39560;8;43000;Tangerang Selatan;Semekar;4.9;1 rb+;1000;Arabika;Other;Toraja;Lokal;200
Biji Kopi 1kg 50/50 whole bean coffee es kopi susu grosir blend;30000;0;30000;Kab. Sleman;Space Roastery;5.0;10 rb+;10000;Blend;Other;Blend;Other;1000
Biji Kopi 1kg 100% arabica whole bean coffee es kopi susu grosir bahan;35000;0;35000;Kab. Sleman;Space Roastery;5.0;4 rb+;4000;Arabika;Other;Other;Other;1000
Espresso Blend 500 gram Roast Bean Coffee Biji Kopi;94900;2;97000;Depok;TADI PAGI ROASTERY;5.0;100+;100;Blend;Other;Blend;Other;500
Kopi Signature Espresso House Blend Coffee Beans 1Kg ( Biji / Bubuk );179900;53;379900;Bekasi;Sakha Coffee Roastery;5.0;1 rb+;1000;Blend;Other;Blend;Other;1000
Excelso Arabica Gold - Biji Kopi 200 gr;46200;0;46200;Jakarta Barat;HB Solution;5.0;2 rb+;2000;Arabika;Other;Other;Other;200
Kopi Arabica Gayo Natural Wine 500 gr (bubuk/biji);108000;0;108000;Medan;Sopic Store;4.9;250+;250;Arabika;Natural;Gayo;Lokal;500
Biji Kopi Susu Arabika 50% Robusta 50% Coreros House Blend - 500gr;72100;0;72100;Kab. Tangerang;PT. Indotara Persada;4.9;100+;100;Blend;Other;Blend;Other;500
Biji Kopi Bubuk Robusta Sidikalang 1kg 1 kg;90000;0;90000;Jakarta Timur;kopidopi;4.9;1 rb+;1000;Robusta;Other;Sidikalang;Lokal;1000
Biji Kopi Bubuk Robusta Lampung 1kg 1 kg;75000;0;75000;Jakarta Timur;kopidopi;4.9;9 rb+;9000;Robusta;Other;Lampung;Lokal;1000
ROBUSTA LAMPUNG kopi fine robusta premium biji bubuk MURRELL COFFEE;40000;0;40000;Jakarta Barat;MURRELL COFFEE ROASTERS;5.0;4 rb+;4000;Robusta;Other;Lampung;Lokal;Other
EXCELSO Java Arabica - Biji Kopi 200 gr;50000;21;63300;Kab. Tangerang;Kapal Api Store;4.9;1 rb+;1000;Arabika;Other;Java;Lokal;200
Blueberry Blast Natural Anaerob Arabica Coffee Arabika Biji Kopi Bubuk;62000;25;82708;Jakarta Barat;The Cold Crafters;4.9;1 rb+;1000;Arabika;Natural;Other;Other;Other
Biji Kopi Arabika Kerinci Natural Arabica Coffee Bean Manual Brew 200g;79900;68;250000;Bekasi;Sakha Coffee Roastery;4.9;250+;250;Arabika;Natural;Kerinci;Lokal;Other
BIJI KOPI 1KG | NERACA HOUSEBLEND ESPRESSO;150000;0;150000;Tangerang Selatan;Alaric Coffee Roasters;5.0;100+;100;Blend;Other;Blend;Other;1000
Kopi Arabika Kerinci Natural | Biji Kopi Single Origin Arabica 200gr;59900;0;59900;Jakarta Barat;RALA KOPI & ROASTERY;4.9;250+;250;Arabika;Natural;Kerinci;Lokal;200
Anomali Coffee Biji Kopi Black Pearl;100000;20;125000;Jakarta Selatan;Anomali Coffee;5.0;2 rb+;2000;Other;Other;Other;Other;Other
Kerinci Washed - Instinct Coffee - Biji Kopi;135000;0;135000;Tangerang;Instinct Coffee Roastery;5.0;100+;100;Other;Wash;Kerinci;Lokal;Other
Seniman Coffee Beans / Biji Kopi Totally Decaf;161000;0;161000;Kab. Gianyar;Seniman Coffee;4.9;750+;750;Other;Other;Other;Other;Other
Biji Kopi Bubuk Robusta Toraja 1 kg 1kg Kopi Susu;85000;15;100000;Jakarta Timur;kopidopi;5.0;1 rb+;1000;Robusta;Other;Toraja;Lokal;1000
% Arabica Sumatra Simalem 200 gram Single Origin ( coffee beans );185000;18;225000;Jakarta Pusat;% ARABICA;4.9;100+;100;Arabika;Other;Simalem;Other;200
Kopi Arabika Kerinci Kayu Aro 1 Kg ( Biji / Bubuk );225000;0;225000;Jakarta Selatan;Kafein;4.9;500+;500;Arabika;Other;Kerinci;Lokal;1000
Biji Kopi Bubuk Arabika Papua Wamena Arabica Coffee Beans Coffe 200 gr;79900;58;189900;Bekasi;Sakha Coffee Roastery;4.9;2 rb+;2000;Arabika;Other;Papua;Lokal;200
Kopi Arabica Mandheling 200 Gram (Biji/Bubuk) | Worcas Coffee;47500;21;60000;Jakarta Barat;WORCAS COFFEE;4.9;500+;500;Arabika;Other;Mandheling;Other;200
Biji Kopi Arabika Single Origin Gayo Wine;42500;15;50000;Kab. Sleman;Asta Java;4.9;50+;50;Arabika;Wine;Gayo;Lokal;Other
Kopi Arabika lintong Natural Sumatra Biji Kopi Matang Bubuk 1kg;68000;28;95000;Tangerang;VROOM COFFEE ROASTERY;5.0;3;3;Arabika;Natural;Lintong;Lokal;1000
Kopi Luwak Liar ARABIKA Aceh Gayo ASLI biji kopi arabica LIMITED - 100g, Biji Sangrai;159000;12;180000;Jakarta Utara;Mr. O Coffee;4.9;250+;250;Arabika;Luwak;Gayo;Lokal;Other
Kopi Arabika SUWARNADWIPA STRAWBERRY Limited Single Origin mrocoffee - 200g, Biji Sangrai;129000;14;150000;Jakarta Utara;Mr. O Coffee;4.9;1 rb+;1000;Arabika;Other;Suwarnadwipa;Lokal;Other
Kopi Arabika GAYO WINE | biji Kopi Aceh single origin arabica SPECIAL - 100g, Biji Sangrai;85000;15;100000;Jakarta Utara;Mr. O Coffee;4.9;10 rb+;10000;Arabika;Wine;Gayo;Lokal;Other
Biji Kopi Arabika Specialty Ethiopia Yirgacheffe Fullwash;87500;35;135000;Kab. Sleman;Asta Java;4.9;30+;30;Arabika;Wash;Yirgacheffe;Internasional;Other
BIJI KOPI ETHIOPIA SIDAMO;95000;0;95000;Medan;Coaster Roastery;5.0;18;18;Other;Other;Sidamo;Internasional;Other
Kopi Burundi honey process ;75000;23;98000;Semarang;Panna Coffee;5.0;6;6;Other;Honey;Burundi;Other;Other
kopi arabika gayo specialty (full wash) - 1kg | biji/bubuk;190000;0;190000;Bekasi;kunthara coffee;5.0;100+;100;Arabika;Wash;Gayo;Lokal;1000
Biji Kopi Bubuk Robusta Sidikalang Asli Coffee Beans Espresso 250gr;39900;73;150000;Bekasi;Second Step Coffee;5.0;250+;250;Robusta;Other;Sidikalang;Lokal;250
Biji Kopi Bubuk Arabika Papua Wamena Arabica Coffee Beans Roasted Bean - 100 Gram, Biji Kopi;42999;52;89900;Jakarta Barat;toko kopi kurawa;5.0;1 rb+;1000;Arabika;Other;Papua;Lokal;100
Kopi Special Gold Espresso House Blend Coffee Beans Coffe 500 Gram - Biji Kopi;104900;19;129900;Bekasi;Sakha Coffee Roastery;5.0;1 rb+;1000;Blend;Other;Blend;Other;500
Teryco Roasters Ageng Rejeki - Biji Kopi Houseblend Full Robusta Kopsu - 200 Gr;28000;0;28000;Surakarta;astery;5.0;12;12;Blend;Other;Blend;Other;200
Kopi Robusta Dampit Natural 1kg (biji/bubuk);85000;0;85000;Kab. Malang;filosofi cafe;5.0;4 rb+;4000;Robusta;Natural;Dampit;Lokal;1000
Anomali Coffee Biji Kopi Toraja Bittuang - Whole Beans;125000;0;125000;Jakarta Selatan;Anomali Coffee;5.0;30+;30;Other;Other;Toraja;Lokal;Other
Kopi Fajarasa Papua Wamena Biji Kopi Arabica 500 gram - Biji Utuh;170000;0;170000;Jakarta Barat;Kopi Jayakarta;4.9;250+;250;Arabika;Other;Papua;Lokal;500
Kopi Arabika Kintamani Bali Arabica Coffee Roast Beans 200g Biji Bubuk;59900;41;101999;Bekasi;Second Step Coffee;5.0;1 rb+;1000;Arabika;Other;Kintamani;Lokal;Other
TUKU - Biji Kopi Arabika: Tetangga Blend (250 gram);90000;0;90000;Jakarta Selatan;Toko Kopi Tuku;4.9;3 rb+;3000;Blend;Other;Blend;Other;250
Kios Blend 30 Arabika 70 Robusta Kopi Susu Espresso Biji / Bubuk 250g;35000;0;35000;Jakarta Selatan;Irenk Beans;4.9;100+;100;Blend;Other;Blend;Other;Other
Biji Kopi 100% Full Arabica Mandheling Roasted Commercial - BEST PRICE - Biji Kopi;165000;0;165000;Jakarta Utara;VOTRRO Coffee;4.9;10 rb+;10000;Arabika;Other;Mandheling;Other;Other
KOPI BUBUK ARABIKA GAYO 1 KG (TAKENGON) - Biji Kopi;90000;5;95000;Jakarta Timur;kopiku-store;4.9;3 rb+;3000;Arabika;Other;Gayo;Lokal;1000
Biji Kopi Bubuk Arabika Flores Bajawa Arabica Coffee Omni Roast Beans;42999;52;89900;Jakarta Barat;toko kopi kurawa;5.0;1 rb+;1000;Arabika;Other;Flores;Lokal;Other
Sumatera Lintong Arabica Grade 1 Biji Kopi Roasted Beans - GILING HALUS, 100 gram;46000;25;61364;Jakarta Barat;The Cold Crafters;4.9;1 rb+;1000;Arabika;Other;Lintong;Lokal;100
Bali Bo'hem Biji Kopi Organik Arabika BATAK (pouch) - Single Origin - 200g;89500;0;89500;Kab. Badung;Bali Bohem Deli;5.0;12;12;Arabika;Other;Bali;Lokal;Other
Kopi Susu Blend 100% Robusta 1kg Coffee Beans Biji Kopi - Coarse/Kasar;88800;0;88800;Jakarta Utara;Paralel Coffee;5.0;1 rb+;1000;Blend;Other;Blend;Other;1000
Biji Kopi Fine Robusta Dampit Malang 1Kg By Kieta Coffee;25000;0;25000;Tangerang Selatan;Kieta_coffee;5.0;2 rb+;2000;Robusta;Other;Dampit;Lokal;1000
Gayo Natural Single Estate Arabica 200g biji kopi coffee beans;86000;0;86000;Jakarta Utara;Paralel Coffee;5.0;100+;100;Arabika;Natural;Gayo;Lokal;Other
Biji Kopi 100% Arabica ACEH GAYO Roasted Commercial 1kg - ESPRESSO - Bubuk Kasar;110000;8;120000;Jakarta Timur;Maillard Coffee Roaster;4.9;1 rb+;1000;Arabika;Other;Gayo;Lokal;1000
Kopi Robuta Dampit Malang 1 Kg (Biji/Bubuk);65000;0;65000;Kab. Malang;Toko Kopi Baroka Djaya;4.9;500+;500;Other;Other;Dampit;Lokal;1000
Kopi Luwak Liar ARABIKA Aceh Gayo ASLI biji kopi arabica LIMITED;159000;12;180000;Jakarta Utara;Mr. O Coffee;4.9;250+;250;Arabika;Luwak;Gayo;Lokal;Other
Kopi Fajarasa Papua Wamena Biji Kopi Arabica 500 gram;170000;0;170000;Jakarta Barat;Kopi Jayakarta;4.9;250+;250;Arabika;Other;Papua;Lokal;500
